,loan_ammount,loan_duration,loan_payment,no_of_inhabitants,no_of_inhabitants<499,no_of_inhabitants 500-1999,no_of_inhabitants 2000-9999,no_of_inhabitants>10000,district_no_of_cities,ration_of_urban_inhabitants,district_avg_salary,No.enterpreneurs/100inhabitans,Paid_loan_amount,avg_unemployment_rate,avg_crime_rate,days_btw_aco_to_lon,client_age,AF1,AF2,C1,C2,C3,Loan_Status
0,96396,12,8033.0,94812,15,13,8,2,10,81.8,9650,100,8033.2,16.8504,110.27535544023964,105,0.0,0.0,1.0,0.0,0.0,0.0,1.0
1,52128,24,2172.0,94812,15,13,8,2,10,81.8,9650,100,2172.0,16.8504,110.27535544023964,264,24.0,0.0,0.0,1.0,0.0,0.0,0.0
2,165960,36,4610.0,112709,48,20,7,3,10,73.5,8369,117,4610.0,6.19045,92.30699411759487,148,0.0,0.0,0.0,0.0,0.0,0.0,0.0
3,390096,48,8127.0,112709,48,20,7,3,10,73.5,8369,117,8127.0,6.19045,92.30699411759487,163,27.0,0.0,0.0,0.0,0.0,1.0,0.0
4,219456,48,4572.0,112709,48,20,7,3,10,73.5,8369,117,4572.0,6.19045,92.30699411759487,108,0.0,0.0,0.0,0.0,0.0,0.0,0.0
5,468060,60,7801.0,112709,48,20,7,3,10,73.5,8369,117,7801.2,6.19045,92.30699411759487,470,27.0,0.0,1.0,1.0,0.0,0.0,0.0
6,339168,48,7066.0,112709,48,20,7,3,10,73.5,8369,117,7066.0,6.19045,92.30699411759487,292,0.0,0.0,0.0,0.0,0.0,0.0,0.0
7,185640,60,3094.0,112709,48,20,7,3,10,73.5,8369,117,3094.5,6.19045,92.30699411759487,288,0.0,0.0,0.0,0.0,0.0,0.0,0.0
8,127080,60,2118.0,77917,85,19,6,1,5,53.5,8390,132,2118.3,11.455400000000001,128.40665066673512,170,0.0,0.0,0.0,0.0,0.0,0.0,0.0
9,74736,36,2076.0,77917,85,19,6,1,5,53.5,8390,132,2076.0,11.455400000000001,128.40665066673512,399,24.0,0.0,0.0,1.0,0.0,0.0,0.0
10,115992,36,3222.0,77917,85,19,6,1,5,53.5,8390,132,3221.5,11.455400000000001,128.40665066673512,613,24.0,0.0,1.0,1.0,0.0,0.0,0.0
11,204000,60,3400.0,77917,85,19,6,1,5,53.5,8390,132,3400.5,11.455400000000001,128.40665066673512,366,0.0,0.0,0.0,0.0,0.0,0.0,0.0
12,93960,60,1566.0,77917,85,19,6,1,5,53.5,8390,132,1566.0,11.455400000000001,128.40665066673512,452,0.0,0.0,0.0,0.0,0.0,0.0,0.0
13,50976,36,1416.0,77917,85,19,6,1,5,53.5,8390,132,1416.0,11.455400000000001,128.40665066673512,496,0.0,0.0,0.0,0.0,0.0,0.0,0.0
14,184620,60,3077.0,77917,85,19,6,1,5,53.5,8390,132,3076.8,11.455400000000001,128.40665066673512,606,0.0,0.0,0.0,0.0,0.0,0.0,0.0
15,105804,36,2939.0,107870,84,29,6,1,6,58.0,8754,137,2938.7,17.19515,142.7825530731436,185,23.0,0.0,0.0,1.0,0.0,0.0,0.0
16,76908,12,6409.0,107870,84,29,6,1,6,58.0,8754,137,6408.8,17.19515,142.7825530731436,485,0.0,0.0,0.0,0.0,0.0,0.0,1.0
17,143904,24,5996.0,107870,84,29,6,1,6,58.0,8754,137,5996.2,17.19515,142.7825530731436,518,0.0,0.0,0.0,0.0,0.0,0.0,0.0
18,331560,60,5526.0,107870,84,29,6,1,6,58.0,8754,137,5526.0,17.19515,142.7825530731436,571,25.0,0.0,0.0,0.0,0.0,1.0,0.0
19,74124,36,2059.0,107870,84,29,6,1,6,58.0,8754,137,2059.0,17.19515,142.7825530731436,529,0.0,0.0,1.0,0.0,0.0,0.0,0.0
20,392460,60,6541.0,107870,84,29,6,1,6,58.0,8754,137,6541.2,17.19515,142.7825530731436,678,26.0,0.0,0.0,0.0,0.0,1.0,0.0
21,133800,24,5575.0,107870,84,29,6,1,6,58.0,8754,137,5575.3,17.19515,142.7825530731436,405,0.0,0.0,0.0,0.0,0.0,0.0,0.0
22,40632,12,3386.0,107870,84,29,6,1,6,58.0,8754,137,3385.5,17.19515,142.7825530731436,444,0.0,0.0,1.0,0.0,0.0,0.0,0.0
23,274740,60,4579.0,1204953,0,0,0,1,1,100.0,12541,167,4579.0,0.22544999999999998,3340.6722822383945,204,23.0,0.0,1.0,0.0,0.0,1.0,0.0
24,38148,12,3179.0,1204953,0,0,0,1,1,100.0,12541,167,3179.0,0.22544999999999998,3340.6722822383945,171,0.0,0.0,0.0,0.0,0.0,0.0,0.0
25,80952,24,3373.0,1204953,0,0,0,1,1,100.0,12541,167,3372.7,0.22544999999999998,3340.6722822383945,313,0.0,0.0,0.0,0.0,0.0,0.0,0.0
26,80952,24,3373.0,1204953,0,0,0,1,1,100.0,12541,167,3372.7,0.22544999999999998,3340.6722822383945,313,0.0,0.0,0.0,0.0,0.0,0.0,0.0
27,24516,12,2043.0,1204953,0,0,0,1,1,100.0,12541,167,2043.0,0.22544999999999998,3340.6722822383945,317,0.0,0.0,0.0,0.0,0.0,0.0,0.0
28,108144,36,3004.0,1204953,0,0,0,1,1,100.0,12541,167,3004.5,0.22544999999999998,3340.6722822383945,256,0.0,0.0,0.0,0.0,0.0,0.0,0.0
29,78936,12,6578.0,1204953,0,0,0,1,1,100.0,12541,167,6578.0,0.22544999999999998,3340.6722822383945,273,0.0,0.0,0.0,0.0,0.0,0.0,0.0
30,215388,36,5983.0,1204953,0,0,0,1,1,100.0,12541,167,5983.0,0.22544999999999998,3340.6722822383945,156,0.0,0.0,0.0,0.0,0.0,0.0,1.0
31,208320,48,4340.0,1204953,0,0,0,1,1,100.0,12541,167,4340.0,0.22544999999999998,3340.6722822383945,479,0.0,0.0,1.0,0.0,0.0,0.0,0.0
32,288360,60,4806.0,1204953,0,0,0,1,1,100.0,12541,167,4806.5,0.22544999999999998,3340.6722822383945,107,0.0,1.0,0.0,0.0,0.0,0.0,0.0
33,91584,24,3816.0,1204953,0,0,0,1,1,100.0,12541,167,3816.0,0.22544999999999998,3340.6722822383945,211,0.0,0.0,0.0,0.0,0.0,0.0,0.0
34,39576,12,3298.0,1204953,0,0,0,1,1,100.0,12541,167,3298.3,0.22544999999999998,3340.6722822383945,522,24.0,0.0,0.0,0.0,0.0,1.0,0.0
35,252060,60,4201.0,1204953,0,0,0,1,1,100.0,12541,167,4201.2,0.22544999999999998,3340.6722822383945,232,0.0,0.0,0.0,0.0,0.0,0.0,1.0
36,131292,36,3647.0,1204953,0,0,0,1,1,100.0,12541,167,3647.0,0.22544999999999998,3340.6722822383945,425,0.0,0.0,1.0,0.0,0.0,0.0,0.0
37,120888,36,3358.0,1204953,0,0,0,1,1,100.0,12541,167,3358.0,0.22544999999999998,3340.6722822383945,496,0.0,0.0,1.0,0.0,0.0,0.0,0.0
38,323472,48,6739.0,1204953,0,0,0,1,1,100.0,12541,167,6738.7,0.22544999999999998,3340.6722822383945,415,24.0,0.0,0.0,1.0,0.0,0.0,0.0
39,11736,24,489.0,1204953,0,0,0,1,1,100.0,12541,167,489.0,0.22544999999999998,3340.6722822383945,528,0.0,0.0,0.0,0.0,0.0,0.0,0.0
40,61056,48,1272.0,1204953,0,0,0,1,1,100.0,12541,167,1272.0,0.22544999999999998,3340.6722822383945,347,0.0,0.0,0.0,0.0,0.0,0.0,0.0
41,48672,36,1352.0,1204953,0,0,0,1,1,100.0,12541,167,1352.0,0.22544999999999998,3340.6722822383945,415,0.0,0.0,0.0,0.0,0.0,0.0,0.0
42,140400,36,3900.0,1204953,0,0,0,1,1,100.0,12541,167,3900.5,0.22544999999999998,3340.6722822383945,392,24.0,0.0,0.0,1.0,0.0,0.0,0.0
43,482940,60,8049.0,1204953,0,0,0,1,1,100.0,12541,167,8049.0,0.22544999999999998,3340.6722822383945,477,0.0,0.0,0.0,0.0,0.0,0.0,1.0
44,31248,12,2604.0,1204953,0,0,0,1,1,100.0,12541,167,2604.5,0.22544999999999998,3340.6722822383945,570,0.0,0.0,0.0,0.0,0.0,0.0,0.0
45,76380,12,6365.0,1204953,0,0,0,1,1,100.0,12541,167,6365.0,0.22544999999999998,3340.6722822383945,246,0.0,0.0,0.0,0.0,0.0,0.0,0.0
46,270648,36,7518.0,1204953,0,0,0,1,1,100.0,12541,167,7518.0,0.22544999999999998,3340.6722822383945,307,0.0,0.0,1.0,0.0,0.0,0.0,1.0
47,76416,24,3184.0,1204953,0,0,0,1,1,100.0,12541,167,3184.3,0.22544999999999998,3340.6722822383945,669,0.0,0.0,0.0,0.0,0.0,0.0,0.0
48,316140,60,5269.0,1204953,0,0,0,1,1,100.0,12541,167,5269.0,0.22544999999999998,3340.6722822383945,683,0.0,0.0,0.0,0.0,0.0,0.0,1.0
49,168984,24,7041.0,1204953,0,0,0,1,1,100.0,12541,167,7040.7,0.22544999999999998,3340.6722822383945,571,0.0,0.0,0.0,0.0,0.0,0.0,1.0
50,31728,24,1322.0,1204953,0,0,0,1,1,100.0,12541,167,1322.0,0.22544999999999998,3340.6722822383945,568,0.0,0.0,0.0,0.0,0.0,0.0,0.0
51,18564,12,1547.0,1204953,0,0,0,1,1,100.0,12541,167,1547.0,0.22544999999999998,3340.6722822383945,128,0.0,0.0,0.0,0.0,0.0,0.0,0.0
52,36396,12,3033.0,1204953,0,0,0,1,1,100.0,12541,167,3033.0,0.22544999999999998,3340.6722822383945,671,0.0,0.0,1.0,0.0,0.0,0.0,0.0
53,36168,12,3014.0,1204953,0,0,0,1,1,100.0,12541,167,3013.5,0.22544999999999998,3340.6722822383945,202,0.0,0.0,0.0,0.0,0.0,0.0,0.0
54,231696,36,6436.0,1204953,0,0,0,1,1,100.0,12541,167,6436.0,0.22544999999999998,3340.6722822383945,476,0.0,0.0,1.0,0.0,0.0,0.0,0.0
55,419880,60,6998.0,1204953,0,0,0,1,1,100.0,12541,167,6998.0,0.22544999999999998,3340.6722822383945,156,0.0,0.0,1.0,0.0,0.0,0.0,0.0
56,31176,24,1299.0,1204953,0,0,0,1,1,100.0,12541,167,1299.0,0.22544999999999998,3340.6722822383945,173,0.0,0.0,0.0,0.0,0.0,0.0,0.0
57,125340,60,2089.0,1204953,0,0,0,1,1,100.0,12541,167,2088.8,0.22544999999999998,3340.6722822383945,476,0.0,0.0,1.0,0.0,0.0,0.0,0.0
58,247728,48,5161.0,1204953,0,0,0,1,1,100.0,12541,167,5161.2,0.22544999999999998,3340.6722822383945,215,26.0,0.0,1.0,0.0,0.0,1.0,0.0
59,320976,48,6687.0,1204953,0,0,0,1,1,100.0,12541,167,6687.0,0.22544999999999998,3340.6722822383945,251,26.0,0.0,0.0,1.0,0.0,0.0,1.0
60,20196,36,561.0,1204953,0,0,0,1,1,100.0,12541,167,561.0,0.22544999999999998,3340.6722822383945,523,0.0,0.0,0.0,0.0,0.0,0.0,0.0
61,258444,36,7179.0,1204953,0,0,0,1,1,100.0,12541,167,7178.8,0.22544999999999998,3340.6722822383945,205,0.0,0.0,1.0,0.0,0.0,0.0,0.0
62,71460,36,1985.0,1204953,0,0,0,1,1,100.0,12541,167,1985.0,0.22544999999999998,3340.6722822383945,240,26.0,0.0,0.0,0.0,0.0,1.0,0.0
63,68832,36,1912.0,1204953,0,0,0,1,1,100.0,12541,167,1912.0,0.22544999999999998,3340.6722822383945,330,0.0,0.0,0.0,0.0,0.0,0.0,0.0
64,101520,12,8460.0,1204953,0,0,0,1,1,100.0,12541,167,8460.0,0.22544999999999998,3340.6722822383945,245,0.0,0.0,0.0,0.0,0.0,0.0,0.0
65,77184,36,2144.0,1204953,0,0,0,1,1,100.0,12541,167,2144.0,0.22544999999999998,3340.6722822383945,573,0.0,0.0,0.0,0.0,0.0,0.0,0.0
66,70656,48,1472.0,1204953,0,0,0,1,1,100.0,12541,167,1472.0,0.22544999999999998,3340.6722822383945,273,0.0,0.0,0.0,0.0,0.0,0.0,0.0
67,110136,24,4589.0,1204953,0,0,0,1,1,100.0,12541,167,4589.2,0.22544999999999998,3340.6722822383945,553,0.0,0.0,0.0,0.0,0.0,0.0,0.0
68,228276,36,6341.0,1204953,0,0,0,1,1,100.0,12541,167,6341.0,0.22544999999999998,3340.6722822383945,166,0.0,0.0,0.0,0.0,0.0,0.0,0.0
69,415800,60,6930.0,1204953,0,0,0,1,1,100.0,12541,167,6930.0,0.22544999999999998,3340.6722822383945,286,0.0,0.0,0.0,0.0,0.0,0.0,0.0
70,17184,12,1432.0,1204953,0,0,0,1,1,100.0,12541,167,1432.0,0.22544999999999998,3340.6722822383945,310,0.0,0.0,0.0,0.0,0.0,0.0,0.0
71,94488,24,3937.0,1204953,0,0,0,1,1,100.0,12541,167,3937.3,0.22544999999999998,3340.6722822383945,243,0.0,0.0,0.0,0.0,0.0,0.0,0.0
72,99936,24,4164.0,1204953,0,0,0,1,1,100.0,12541,167,4164.0,0.22544999999999998,3340.6722822383945,590,27.0,0.0,0.0,1.0,0.0,0.0,0.0
73,165168,36,4588.0,1204953,0,0,0,1,1,100.0,12541,167,4588.5,0.22544999999999998,3340.6722822383945,461,27.0,0.0,0.0,1.0,0.0,0.0,0.0
74,268320,60,4472.0,1204953,0,0,0,1,1,100.0,12541,167,4472.0,0.22544999999999998,3340.6722822383945,257,0.0,0.0,0.0,0.0,0.0,0.0,0.0
75,100260,60,1671.0,1204953,0,0,0,1,1,100.0,12541,167,1671.0,0.22544999999999998,3340.6722822383945,684,27.0,0.0,0.0,1.0,0.0,0.0,0.0
76,34572,12,2881.0,1204953,0,0,0,1,1,100.0,12541,167,2881.0,0.22544999999999998,3340.6722822383945,228,0.0,0.0,0.0,0.0,0.0,0.0,0.0
77,88272,48,1839.0,1204953,0,0,0,1,1,100.0,12541,167,1839.3,0.22544999999999998,3340.6722822383945,399,0.0,0.0,0.0,0.0,0.0,0.0,0.0
78,77808,12,6484.0,1204953,0,0,0,1,1,100.0,12541,167,6483.7,0.22544999999999998,3340.6722822383945,117,0.0,0.0,0.0,0.0,0.0,0.0,0.0
79,76944,12,6412.0,1204953,0,0,0,1,1,100.0,12541,167,6412.0,0.22544999999999998,3340.6722822383945,535,27.0,0.0,0.0,1.0,0.0,0.0,0.0
80,390660,60,6511.0,1204953,0,0,0,1,1,100.0,12541,167,6510.7,0.22544999999999998,3340.6722822383945,308,27.0,0.0,0.0,0.0,0.0,1.0,0.0
81,271584,48,5658.0,1204953,0,0,0,1,1,100.0,12541,167,5658.0,0.22544999999999998,3340.6722822383945,510,27.0,0.0,0.0,1.0,0.0,0.0,0.0
82,197808,24,8242.0,1204953,0,0,0,1,1,100.0,12541,167,8241.8,0.22544999999999998,3340.6722822383945,125,27.0,0.0,0.0,1.0,0.0,0.0,0.0
83,44940,12,3745.0,1204953,0,0,0,1,1,100.0,12541,167,3744.7,0.22544999999999998,3340.6722822383945,238,27.0,0.0,1.0,1.0,0.0,0.0,0.0
84,44952,24,1873.0,1204953,0,0,0,1,1,100.0,12541,167,1872.8,0.22544999999999998,3340.6722822383945,433,0.0,0.0,0.0,0.0,0.0,0.0,0.0
85,89280,12,7440.0,1204953,0,0,0,1,1,100.0,12541,167,7440.5,0.22544999999999998,3340.6722822383945,261,0.0,0.0,0.0,0.0,0.0,0.0,0.0
86,203940,60,3399.0,1204953,0,0,0,1,1,100.0,12541,167,3399.0,0.22544999999999998,3340.6722822383945,358,0.0,0.0,0.0,0.0,0.0,0.0,0.0
87,218064,48,4543.0,1204953,0,0,0,1,1,100.0,12541,167,4542.7,0.22544999999999998,3340.6722822383945,241,28.0,0.0,0.0,1.0,0.0,0.0,0.0
88,63576,12,5298.0,1204953,0,0,0,1,1,100.0,12541,167,5297.7,0.22544999999999998,3340.6722822383945,202,0.0,0.0,0.0,0.0,0.0,0.0,0.0
89,66696,24,2779.0,1204953,0,0,0,1,1,100.0,12541,167,2778.7,0.22544999999999998,3340.6722822383945,110,28.0,0.0,0.0,1.0,0.0,0.0,0.0
90,566640,60,9444.0,1204953,0,0,0,1,1,100.0,12541,167,9444.0,0.22544999999999998,3340.6722822383945,308,0.0,0.0,0.0,0.0,0.0,0.0,0.0
91,37944,36,1054.0,1204953,0,0,0,1,1,100.0,12541,167,1054.0,0.22544999999999998,3340.6722822383945,594,28.0,0.0,0.0,1.0,0.0,0.0,0.0
92,428784,48,8933.0,1204953,0,0,0,1,1,100.0,12541,167,8933.0,0.22544999999999998,3340.6722822383945,436,0.0,0.0,0.0,0.0,0.0,0.0,0.0
93,194280,60,3238.0,1204953,0,0,0,1,1,100.0,12541,167,3238.0,0.22544999999999998,3340.6722822383945,426,28.0,0.0,0.0,1.0,0.0,0.0,0.0
94,157068,36,4363.0,1204953,0,0,0,1,1,100.0,12541,167,4362.7,0.22544999999999998,3340.6722822383945,245,0.0,0.0,0.0,0.0,0.0,0.0,0.0
95,279072,48,5814.0,1204953,0,0,0,1,1,100.0,12541,167,5813.5,0.22544999999999998,3340.6722822383945,611,0.0,0.0,1.0,0.0,0.0,0.0,0.0
96,74352,24,3098.0,1204953,0,0,0,1,1,100.0,12541,167,3098.0,0.22544999999999998,3340.6722822383945,559,0.0,0.0,0.0,0.0,0.0,0.0,0.0
97,45720,12,3810.0,1204953,0,0,0,1,1,100.0,12541,167,3810.0,0.22544999999999998,3340.6722822383945,415,0.0,0.0,0.0,0.0,0.0,0.0,0.0
98,136344,24,5681.0,1204953,0,0,0,1,1,100.0,12541,167,5681.0,0.22544999999999998,3340.6722822383945,638,0.0,0.0,0.0,0.0,0.0,0.0,0.0
99,5148,12,429.0,1204953,0,0,0,1,1,100.0,12541,167,429.0,0.22544999999999998,3340.6722822383945,446,0.0,0.0,0.0,0.0,0.0,0.0,0.0
100,234336,48,4882.0,1204953,0,0,0,1,1,100.0,12541,167,4882.5,0.22544999999999998,3340.6722822383945,659,0.0,0.0,0.0,0.0,0.0,0.0,0.0
101,212976,36,5916.0,1204953,0,0,0,1,1,100.0,12541,167,5915.7,0.22544999999999998,3340.6722822383945,671,0.0,0.0,0.0,0.0,0.0,0.0,0.0
102,209040,24,8710.0,1204953,0,0,0,1,1,100.0,12541,167,8710.0,0.22544999999999998,3340.6722822383945,355,28.0,0.0,0.0,0.0,0.0,1.0,0.0
103,321936,48,6707.0,1204953,0,0,0,1,1,100.0,12541,167,6707.0,0.22544999999999998,3340.6722822383945,693,0.0,0.0,0.0,0.0,0.0,0.0,0.0
104,74916,36,2081.0,1204953,0,0,0,1,1,100.0,12541,167,2080.8,0.22544999999999998,3340.6722822383945,664,0.0,0.0,0.0,0.0,0.0,0.0,0.0
105,99216,36,2756.0,1204953,0,0,0,1,1,100.0,12541,167,2756.0,0.22544999999999998,3340.6722822383945,443,0.0,0.0,0.0,0.0,0.0,0.0,0.0
106,276084,36,7669.0,1204953,0,0,0,1,1,100.0,12541,167,7668.7,0.22544999999999998,3340.6722822383945,476,28.0,0.0,0.0,1.0,0.0,0.0,0.0
107,87840,24,3660.0,53921,61,22,1,1,2,41.3,8598,123,3659.8,11.66535,97.46615418853509,124,0.0,0.0,0.0,0.0,0.0,0.0,0.0
108,61656,24,2569.0,53921,61,22,1,1,2,41.3,8598,123,2568.8,11.66535,97.46615418853509,167,0.0,0.0,1.0,0.0,0.0,0.0,1.0
109,44628,12,3719.0,53921,61,22,1,1,2,41.3,8598,123,3719.0,11.66535,97.46615418853509,636,0.0,0.0,1.0,0.0,0.0,0.0,0.0
110,262980,60,4383.0,53921,61,22,1,1,2,41.3,8598,123,4382.7,11.66535,97.46615418853509,369,0.0,0.0,0.0,0.0,0.0,0.0,0.0
111,148140,36,4115.0,53921,61,22,1,1,2,41.3,8598,123,4114.7,11.66535,97.46615418853509,615,0.0,0.0,1.0,0.0,0.0,0.0,0.0
112,79824,12,6652.0,53921,61,22,1,1,2,41.3,8598,123,6652.5,11.66535,97.46615418853509,182,28.0,0.0,1.0,1.0,0.0,0.0,0.0
113,45456,12,3788.0,53921,61,22,1,1,2,41.3,8598,123,3788.3,11.66535,97.46615418853509,329,28.0,0.0,0.0,1.0,0.0,0.0,0.0
114,230220,36,6395.0,53921,61,22,1,1,2,41.3,8598,123,6395.0,11.66535,97.46615418853509,662,28.0,0.0,0.0,1.0,0.0,0.0,0.0
115,52788,12,4399.0,58796,22,16,7,1,5,51.9,9045,124,4399.0,16.80515,91.89340261242262,244,0.0,0.0,0.0,0.0,0.0,0.0,0.0
116,87216,48,1817.0,58796,22,16,7,1,5,51.9,9045,124,1817.3,16.80515,91.89340261242262,192,0.0,0.0,0.0,0.0,0.0,0.0,1.0
117,21396,12,1783.0,58796,22,16,7,1,5,51.9,9045,124,1783.2,16.80515,91.89340261242262,440,0.0,0.0,0.0,0.0,0.0,0.0,0.0
118,44376,12,3698.0,58796,22,16,7,1,5,51.9,9045,124,3697.8,16.80515,91.89340261242262,164,26.0,0.0,0.0,1.0,0.0,0.0,0.0
119,66840,24,2785.0,58796,22,16,7,1,5,51.9,9045,124,2785.0,16.80515,91.89340261242262,463,0.0,1.0,0.0,0.0,0.0,0.0,0.0
120,140880,60,2348.0,58796,22,16,7,1,5,51.9,9045,124,2348.0,16.80515,91.89340261242262,251,0.0,0.0,0.0,0.0,0.0,0.0,0.0
121,170832,48,3559.0,58796,22,16,7,1,5,51.9,9045,124,3559.0,16.80515,91.89340261242262,356,0.0,0.0,0.0,0.0,0.0,0.0,0.0
122,174744,24,7281.0,122603,25,21,6,2,8,80.0,8991,128,7281.3,6.02045,204.37653646321868,163,0.0,0.0,0.0,0.0,0.0,0.0,1.0
123,49320,12,4110.0,122603,25,21,6,2,8,80.0,8991,128,4110.0,6.02045,204.37653646321868,167,0.0,1.0,0.0,0.0,0.0,0.0,1.0
124,95808,12,7984.0,122603,25,21,6,2,8,80.0,8991,128,7984.3,6.02045,204.37653646321868,429,0.0,0.0,0.0,0.0,0.0,0.0,0.0
125,97224,24,4051.0,122603,25,21,6,2,8,80.0,8991,128,4051.0,6.02045,204.37653646321868,531,0.0,0.0,0.0,0.0,0.0,0.0,0.0
126,19044,36,529.0,122603,25,21,6,2,8,80.0,8991,128,529.0,6.02045,204.37653646321868,410,0.0,0.0,0.0,0.0,0.0,0.0,0.0
127,15192,24,633.0,122603,25,21,6,2,8,80.0,8991,128,633.0,6.02045,204.37653646321868,685,0.0,0.0,0.0,0.0,0.0,0.0,0.0
128,72504,24,3021.0,122603,25,21,6,2,8,80.0,8991,128,3021.0,6.02045,204.37653646321868,317,0.0,0.0,0.0,0.0,0.0,0.0,0.0
129,321360,60,5356.0,122603,25,21,6,2,8,80.0,8991,128,5356.0,6.02045,204.37653646321868,599,28.0,0.0,0.0,1.0,0.0,0.0,0.0
130,154416,48,3217.0,70699,60,13,2,1,4,65.3,8968,131,3216.7,11.715150000000001,75.71472015162874,176,0.0,0.0,1.0,0.0,0.0,0.0,0.0
131,159744,48,3328.0,70699,60,13,2,1,4,65.3,8968,131,3328.2,11.715150000000001,75.71472015162874,280,27.0,0.0,0.0,1.0,0.0,0.0,0.0
132,163332,36,4537.0,70699,60,13,2,1,4,65.3,8968,131,4537.3,11.715150000000001,75.71472015162874,443,0.0,0.0,0.0,0.0,0.0,0.0,0.0
133,117024,24,4876.0,177686,69,27,10,1,9,74.8,10045,135,4875.8,5.8751,170.5433601972018,137,23.0,0.0,0.0,1.0,0.0,0.0,0.0
134,173016,36,4806.0,177686,69,27,10,1,9,74.8,10045,135,4806.5,5.8751,170.5433601972018,318,26.0,0.0,1.0,1.0,0.0,0.0,0.0
135,321180,60,5353.0,177686,69,27,10,1,9,74.8,10045,135,5353.3,5.8751,170.5433601972018,233,0.0,0.0,0.0,0.0,0.0,0.0,0.0
136,421008,48,8771.0,177686,69,27,10,1,9,74.8,10045,135,8771.0,5.8751,170.5433601972018,304,26.0,0.0,0.0,1.0,0.0,0.0,0.0
137,232560,48,4845.0,177686,69,27,10,1,9,74.8,10045,135,4845.0,5.8751,170.5433601972018,630,0.0,1.0,0.0,0.0,0.0,0.0,0.0
138,333648,48,6951.0,177686,69,27,10,1,9,74.8,10045,135,6950.8,5.8751,170.5433601972018,311,0.0,0.0,0.0,0.0,0.0,0.0,1.0
139,321240,60,5354.0,177686,69,27,10,1,9,74.8,10045,135,5353.5,5.8751,170.5433601972018,524,28.0,0.0,0.0,1.0,0.0,0.0,0.0
140,91248,48,1901.0,177686,69,27,10,1,9,74.8,10045,135,1901.0,5.8751,170.5433601972018,579,0.0,0.0,0.0,0.0,0.0,0.0,0.0
141,21924,36,609.0,157042,49,70,18,0,9,33.9,8743,111,609.0,6.2554,97.4547700615122,297,0.0,0.0,0.0,0.0,0.0,0.0,0.0
142,14628,12,1219.0,157042,49,70,18,0,9,33.9,8743,111,1219.0,6.2554,97.4547700615122,399,24.0,0.0,0.0,1.0,0.0,0.0,0.0
143,121896,24,5079.0,157042,49,70,18,0,9,33.9,8743,111,5079.0,6.2554,97.4547700615122,486,0.0,0.0,0.0,0.0,0.0,0.0,0.0
144,71460,12,5955.0,157042,49,70,18,0,9,33.9,8743,111,5955.0,6.2554,97.4547700615122,326,0.0,0.0,0.0,0.0,0.0,0.0,0.0
145,417600,60,6960.0,157042,49,70,18,0,9,33.9,8743,111,6959.8,6.2554,97.4547700615122,408,26.0,1.0,0.0,0.0,1.0,0.0,0.0
146,74772,36,2077.0,157042,49,70,18,0,9,33.9,8743,111,2077.3,6.2554,97.4547700615122,389,0.0,1.0,0.0,0.0,0.0,0.0,0.0
147,63972,36,1777.0,157042,49,70,18,0,9,33.9,8743,111,1776.7,6.2554,97.4547700615122,115,0.0,1.0,0.0,0.0,0.0,0.0,1.0
148,143676,36,3991.0,157042,49,70,18,0,9,33.9,8743,111,3990.8,6.2554,97.4547700615122,447,0.0,0.0,1.0,0.0,0.0,0.0,0.0
149,249792,48,5204.0,157042,49,70,18,0,9,33.9,8743,111,5204.2,6.2554,97.4547700615122,284,28.0,0.0,0.0,1.0,0.0,0.0,0.0
150,52512,12,4376.0,157042,49,70,18,0,9,33.9,8743,111,4375.5,6.2554,97.4547700615122,521,0.0,0.0,0.0,0.0,0.0,0.0,0.0
151,79608,24,3317.0,105606,77,26,7,2,7,53.0,8254,97,3317.0,11.91545,95.20474688938128,313,0.0,0.0,0.0,0.0,0.0,0.0,0.0
152,149340,60,2489.0,105606,77,26,7,2,7,53.0,8254,97,2489.3,11.91545,95.20474688938128,321,0.0,0.0,1.0,0.0,0.0,0.0,0.0
153,77640,12,6470.0,105606,77,26,7,2,7,53.0,8254,97,6469.7,11.91545,95.20474688938128,333,0.0,0.0,1.0,0.0,0.0,0.0,0.0
154,314520,60,5242.0,105606,77,26,7,2,7,53.0,8254,97,5242.0,11.91545,95.20474688938128,484,0.0,0.0,1.0,0.0,0.0,0.0,0.0
155,277884,36,7719.0,105606,77,26,7,2,7,53.0,8254,97,7718.7,11.91545,95.20474688938128,693,0.0,0.0,0.0,0.0,0.0,0.0,1.0
156,265320,36,7370.0,105606,77,26,7,2,7,53.0,8254,97,7370.2,11.91545,95.20474688938128,636,0.0,0.0,0.0,0.0,0.0,0.0,1.0
157,153936,24,6414.0,105606,77,26,7,2,7,53.0,8254,97,6413.7,11.91545,95.20474688938128,115,0.0,0.0,0.0,0.0,0.0,0.0,0.0
158,113436,36,3151.0,105606,77,26,7,2,7,53.0,8254,97,3151.3,11.91545,95.20474688938128,384,28.0,0.0,0.0,1.0,0.0,0.0,0.0
159,464520,60,7742.0,77963,60,23,4,2,4,51.5,8546,126,7741.8,12.05525,132.15961417595526,257,0.0,0.0,1.0,0.0,0.0,0.0,1.0
160,317520,60,5292.0,77963,60,23,4,2,4,51.5,8546,126,5292.0,12.05525,132.15961417595526,303,0.0,0.0,0.0,0.0,0.0,0.0,0.0
161,466608,48,9721.0,77963,60,23,4,2,4,51.5,8546,126,9721.0,12.05525,132.15961417595526,575,0.0,0.0,0.0,0.0,0.0,0.0,0.0
162,57360,12,4780.0,77963,60,23,4,2,4,51.5,8546,126,4780.0,12.05525,132.15961417595526,313,0.0,0.0,0.0,0.0,0.0,0.0,1.0
163,360864,48,7518.0,77963,60,23,4,2,4,51.5,8546,126,7518.0,12.05525,132.15961417595526,374,0.0,0.0,1.0,0.0,0.0,0.0,1.0
164,64224,24,2676.0,77963,60,23,4,2,4,51.5,8546,126,2676.0,12.05525,132.15961417595526,440,0.0,0.0,1.0,0.0,0.0,0.0,0.0
165,104964,12,8747.0,77963,60,23,4,2,4,51.5,8546,126,8747.0,12.05525,132.15961417595526,644,0.0,0.0,0.0,0.0,0.0,0.0,0.0
166,151200,36,4200.0,77963,60,23,4,2,4,51.5,8546,126,4200.2,12.05525,132.15961417595526,241,0.0,0.0,0.0,0.0,0.0,0.0,0.0
167,108720,60,1812.0,77963,60,23,4,2,4,51.5,8546,126,1812.3,12.05525,132.15961417595526,594,28.0,0.0,0.0,1.0,0.0,0.0,0.0
168,95400,36,2650.0,75685,31,28,5,1,9,60.8,8208,155,2650.2,6.17045,70.08074915769306,268,0.0,0.0,1.0,0.0,0.0,0.0,0.0
169,63360,60,1056.0,75685,31,28,5,1,9,60.8,8208,155,1056.0,6.17045,70.08074915769306,638,0.0,0.0,0.0,0.0,0.0,0.0,0.0
170,117420,60,1957.0,75685,31,28,5,1,9,60.8,8208,155,1957.0,6.17045,70.08074915769306,213,0.0,0.0,0.0,0.0,0.0,0.0,0.0
171,93888,36,2608.0,86513,38,36,5,1,5,50.5,8288,110,2608.2,17.295450000000002,60.7277518985586,156,0.0,1.0,0.0,0.0,0.0,0.0,0.0
172,4980,12,415.0,86513,38,36,5,1,5,50.5,8288,110,415.0,17.295450000000002,60.7277518985586,242,0.0,0.0,0.0,0.0,0.0,0.0,0.0
173,288468,36,8013.0,86513,38,36,5,1,5,50.5,8288,110,8013.0,17.295450000000002,60.7277518985586,127,0.0,0.0,0.0,0.0,0.0,0.0,0.0
174,186300,60,3105.0,86513,38,36,5,1,5,50.5,8288,110,3104.7,17.295450000000002,60.7277518985586,395,27.0,0.0,1.0,1.0,0.0,0.0,0.0
175,106944,24,4456.0,86513,38,36,5,1,5,50.5,8288,110,4456.0,17.295450000000002,60.7277518985586,145,0.0,0.0,0.0,0.0,0.0,0.0,0.0
176,24792,24,1033.0,86513,38,36,5,1,5,50.5,8288,110,1033.0,17.295450000000002,60.7277518985586,606,27.0,0.0,0.0,1.0,0.0,0.0,0.0
177,71820,36,1995.0,86513,38,36,5,1,5,50.5,8288,110,1995.0,17.295450000000002,60.7277518985586,403,0.0,0.0,0.0,0.0,0.0,0.0,0.0
178,47016,12,3918.0,197099,29,41,10,2,10,74.7,9624,145,3918.2,6.1850000000000005,102.51778294156743,239,0.0,1.0,0.0,0.0,0.0,0.0,0.0
179,55368,24,2307.0,197099,29,41,10,2,10,74.7,9624,145,2306.8,6.1850000000000005,102.51778294156743,362,0.0,0.0,0.0,0.0,0.0,0.0,0.0
180,227880,36,6330.0,197099,29,41,10,2,10,74.7,9624,145,6330.2,6.1850000000000005,102.51778294156743,382,0.0,0.0,0.0,0.0,0.0,0.0,0.0
181,47304,24,1971.0,197099,29,41,10,2,10,74.7,9624,145,1970.8,6.1850000000000005,102.51778294156743,516,25.0,0.0,0.0,1.0,0.0,0.0,0.0
182,33984,48,708.0,197099,29,41,10,2,10,74.7,9624,145,708.0,6.1850000000000005,102.51778294156743,367,0.0,0.0,0.0,0.0,0.0,0.0,0.0
183,188688,48,3931.0,197099,29,41,10,2,10,74.7,9624,145,3930.8,6.1850000000000005,102.51778294156743,160,0.0,0.0,0.0,0.0,0.0,0.0,0.0
184,360000,48,7500.0,197099,29,41,10,2,10,74.7,9624,145,7500.0,6.1850000000000005,102.51778294156743,578,0.0,1.0,0.0,0.0,0.0,0.0,0.0
185,444864,48,9268.0,197099,29,41,10,2,10,74.7,9624,145,9268.0,6.1850000000000005,102.51778294156743,343,0.0,0.0,0.0,0.0,0.0,0.0,0.0
186,85632,48,1784.0,197099,29,41,10,2,10,74.7,9624,145,1784.5,6.1850000000000005,102.51778294156743,494,0.0,0.0,0.0,0.0,0.0,0.0,0.0
187,96168,12,8014.0,197099,29,41,10,2,10,74.7,9624,145,8013.7,6.1850000000000005,102.51778294156743,616,26.0,0.0,1.0,0.0,1.0,0.0,0.0
188,372120,60,6202.0,197099,29,41,10,2,10,74.7,9624,145,6202.0,6.1850000000000005,102.51778294156743,663,26.0,0.0,0.0,0.0,1.0,0.0,0.0
189,276300,60,4605.0,197099,29,41,10,2,10,74.7,9624,145,4605.0,6.1850000000000005,102.51778294156743,487,0.0,0.0,0.0,0.0,0.0,0.0,0.0
190,293880,60,4898.0,197099,29,41,10,2,10,74.7,9624,145,4898.2,6.1850000000000005,102.51778294156743,531,27.0,0.0,1.0,0.0,1.0,0.0,1.0
191,39024,12,3252.0,197099,29,41,10,2,10,74.7,9624,145,3252.2,6.1850000000000005,102.51778294156743,530,27.0,0.0,0.0,1.0,0.0,0.0,0.0
192,164196,36,4561.0,197099,29,41,10,2,10,74.7,9624,145,4561.0,6.1850000000000005,102.51778294156743,473,0.0,1.0,0.0,0.0,0.0,0.0,0.0
193,69600,48,1450.0,197099,29,41,10,2,10,74.7,9624,145,1450.0,6.1850000000000005,102.51778294156743,675,0.0,0.0,0.0,0.0,0.0,0.0,0.0
194,210744,36,5854.0,197099,29,41,10,2,10,74.7,9624,145,5854.2,6.1850000000000005,102.51778294156743,242,0.0,0.0,0.0,0.0,0.0,0.0,0.0
195,259740,60,4329.0,228848,15,40,18,2,6,57.2,9893,96,4328.8,22.36045,110.57102749423198,155,0.0,0.0,0.0,0.0,0.0,0.0,0.0
196,253200,60,4220.0,228848,15,40,18,2,6,57.2,9893,96,4219.5,22.36045,110.57102749423198,255,0.0,0.0,1.0,0.0,0.0,0.0,0.0
197,41904,12,3492.0,228848,15,40,18,2,6,57.2,9893,96,3491.5,22.36045,110.57102749423198,603,0.0,0.0,0.0,0.0,0.0,0.0,0.0
198,76680,24,3195.0,228848,15,40,18,2,6,57.2,9893,96,3195.0,22.36045,110.57102749423198,545,0.0,0.0,0.0,0.0,0.0,0.0,0.0
199,68400,12,5700.0,228848,15,40,18,2,6,57.2,9893,96,5700.3,22.36045,110.57102749423198,167,0.0,0.0,0.0,0.0,0.0,0.0,1.0
200,99336,24,4139.0,228848,15,40,18,2,6,57.2,9893,96,4139.0,22.36045,110.57102749423198,330,0.0,0.0,0.0,0.0,0.0,0.0,0.0
201,141948,36,3943.0,228848,15,40,18,2,6,57.2,9893,96,3943.0,22.36045,110.57102749423198,114,26.0,0.0,0.0,1.0,0.0,0.0,0.0
202,35904,48,748.0,228848,15,40,18,2,6,57.2,9893,96,748.0,22.36045,110.57102749423198,296,0.0,0.0,0.0,0.0,0.0,0.0,0.0
203,39576,12,3298.0,228848,15,40,18,2,6,57.2,9893,96,3298.3,22.36045,110.57102749423198,338,0.0,0.0,0.0,0.0,0.0,0.0,0.0
204,230400,60,3840.0,228848,15,40,18,2,6,57.2,9893,96,3840.2,22.36045,110.57102749423198,446,0.0,0.0,0.0,0.0,0.0,0.0,0.0
205,30276,12,2523.0,228848,15,40,18,2,6,57.2,9893,96,2523.2,22.36045,110.57102749423198,498,0.0,0.0,0.0,0.0,0.0,0.0,0.0
206,30276,12,2523.0,228848,15,40,18,2,6,57.2,9893,96,2523.2,22.36045,110.57102749423198,498,0.0,0.0,0.0,0.0,0.0,0.0,0.0
207,170448,48,3551.0,228848,15,40,18,2,6,57.2,9893,96,3551.0,22.36045,110.57102749423198,473,0.0,0.0,0.0,0.0,0.0,0.0,0.0
208,57060,12,4755.0,228848,15,40,18,2,6,57.2,9893,96,4755.0,22.36045,110.57102749423198,415,28.0,0.0,1.0,1.0,0.0,0.0,0.0
209,81144,36,2254.0,228848,15,40,18,2,6,57.2,9893,96,2253.5,22.36045,110.57102749423198,275,28.0,0.0,0.0,1.0,0.0,0.0,0.0
210,437460,60,7291.0,228848,15,40,18,2,6,57.2,9893,96,7291.3,22.36045,110.57102749423198,312,28.0,0.0,0.0,1.0,0.0,0.0,0.0
211,86616,12,7218.0,75637,35,36,9,0,7,36.5,9622,154,7218.0,0.31525,201.02978039848222,125,0.0,0.0,0.0,0.0,0.0,0.0,0.0
212,149040,48,3105.0,75637,35,36,9,0,7,36.5,9622,154,3105.2,0.31525,201.02978039848222,292,0.0,0.0,0.0,0.0,0.0,0.0,0.0
213,80340,12,6695.0,75637,35,36,9,0,7,36.5,9622,154,6695.0,0.31525,201.02978039848222,319,24.0,0.0,0.0,0.0,0.0,1.0,0.0
214,69360,48,1445.0,75637,35,36,9,0,7,36.5,9622,154,1445.0,0.31525,201.02978039848222,450,0.0,0.0,0.0,0.0,0.0,0.0,0.0
215,50460,60,841.0,75637,35,36,9,0,7,36.5,9622,154,841.0,0.31525,201.02978039848222,269,24.0,0.0,0.0,0.0,1.0,0.0,0.0
216,126600,24,5275.0,75637,35,36,9,0,7,36.5,9622,154,5274.7,0.31525,201.02978039848222,693,0.0,0.0,0.0,0.0,0.0,0.0,0.0
217,260028,36,7223.0,75637,35,36,9,0,7,36.5,9622,154,7223.2,0.31525,201.02978039848222,689,25.0,0.0,0.0,1.0,0.0,0.0,0.0
218,137904,24,5746.0,75637,35,36,9,0,7,36.5,9622,154,5746.0,0.31525,201.02978039848222,129,0.0,0.0,0.0,0.0,0.0,0.0,1.0
219,164256,48,3422.0,75637,35,36,9,0,7,36.5,9622,154,3421.5,0.31525,201.02978039848222,468,0.0,0.0,0.0,0.0,0.0,0.0,0.0
220,59448,24,2477.0,75637,35,36,9,0,7,36.5,9622,154,2476.8,0.31525,201.02978039848222,502,0.0,0.0,0.0,0.0,0.0,0.0,0.0
221,49044,12,4087.0,75637,35,36,9,0,7,36.5,9622,154,4086.8,0.31525,201.02978039848222,165,0.0,0.0,0.0,0.0,0.0,0.0,0.0
222,75624,24,3151.0,387570,0,0,0,1,1,100.0,9897,140,3151.3,6.01,1394.226470057022,196,0.0,0.0,0.0,0.0,0.0,0.0,1.0
223,65184,12,5432.0,387570,0,0,0,1,1,100.0,9897,140,5432.3,6.01,1394.226470057022,448,24.0,0.0,0.0,0.0,1.0,0.0,0.0
224,208128,48,4336.0,387570,0,0,0,1,1,100.0,9897,140,4335.8,6.01,1394.226470057022,439,24.0,0.0,0.0,1.0,0.0,0.0,1.0
225,23052,12,1921.0,387570,0,0,0,1,1,100.0,9897,140,1921.0,6.01,1394.226470057022,617,0.0,0.0,0.0,0.0,0.0,0.0,0.0
226,100980,60,1683.0,387570,0,0,0,1,1,100.0,9897,140,1683.0,6.01,1394.226470057022,385,0.0,0.0,0.0,0.0,0.0,0.0,0.0
227,113796,36,3161.0,387570,0,0,0,1,1,100.0,9897,140,3160.7,6.01,1394.226470057022,356,0.0,1.0,0.0,0.0,0.0,0.0,0.0
228,56100,60,935.0,387570,0,0,0,1,1,100.0,9897,140,935.0,6.01,1394.226470057022,405,0.0,0.0,0.0,0.0,0.0,0.0,0.0
229,11400,12,950.0,387570,0,0,0,1,1,100.0,9897,140,950.0,6.01,1394.226470057022,357,0.0,0.0,0.0,0.0,0.0,0.0,0.0
230,179328,48,3736.0,387570,0,0,0,1,1,100.0,9897,140,3736.0,6.01,1394.226470057022,311,0.0,0.0,0.0,0.0,0.0,0.0,0.0
231,84600,36,2350.0,387570,0,0,0,1,1,100.0,9897,140,2349.5,6.01,1394.226470057022,188,0.0,0.0,0.0,0.0,0.0,0.0,1.0
232,385104,48,8023.0,387570,0,0,0,1,1,100.0,9897,140,8022.8,6.01,1394.226470057022,516,0.0,0.0,0.0,0.0,0.0,0.0,0.0
233,294384,48,6133.0,387570,0,0,0,1,1,100.0,9897,140,6133.0,6.01,1394.226470057022,553,0.0,0.0,0.0,0.0,0.0,0.0,0.0
234,357840,48,7455.0,387570,0,0,0,1,1,100.0,9897,140,7455.0,6.01,1394.226470057022,102,0.0,0.0,0.0,0.0,0.0,0.0,1.0
235,67608,24,2817.0,387570,0,0,0,1,1,100.0,9897,140,2817.3,6.01,1394.226470057022,189,0.0,0.0,0.0,0.0,0.0,0.0,0.0
236,41856,48,872.0,387570,0,0,0,1,1,100.0,9897,140,872.0,6.01,1394.226470057022,431,27.0,0.0,0.0,1.0,0.0,0.0,0.0
237,116040,60,1934.0,387570,0,0,0,1,1,100.0,9897,140,1934.0,6.01,1394.226470057022,226,0.0,0.0,0.0,0.0,0.0,0.0,0.0
238,83628,36,2323.0,387570,0,0,0,1,1,100.0,9897,140,2322.7,6.01,1394.226470057022,239,0.0,0.0,0.0,0.0,0.0,0.0,0.0
239,83628,36,2323.0,387570,0,0,0,1,1,100.0,9897,140,2322.7,6.01,1394.226470057022,239,0.0,0.0,0.0,0.0,0.0,0.0,0.0
240,473280,60,7888.0,387570,0,0,0,1,1,100.0,9897,140,7887.7,6.01,1394.226470057022,254,0.0,0.0,0.0,0.0,0.0,0.0,1.0
241,204780,60,3413.0,387570,0,0,0,1,1,100.0,9897,140,3413.0,6.01,1394.226470057022,198,27.0,0.0,0.0,1.0,0.0,0.0,0.0
242,590820,60,9847.0,387570,0,0,0,1,1,100.0,9897,140,9847.0,6.01,1394.226470057022,521,0.0,0.0,0.0,0.0,0.0,0.0,0.0
243,93036,12,7753.0,387570,0,0,0,1,1,100.0,9897,140,7753.3,6.01,1394.226470057022,447,0.0,0.0,0.0,0.0,0.0,0.0,0.0
244,58764,12,4897.0,387570,0,0,0,1,1,100.0,9897,140,4897.0,6.01,1394.226470057022,507,28.0,0.0,0.0,1.0,0.0,0.0,0.0
245,280440,60,4674.0,387570,0,0,0,1,1,100.0,9897,140,4674.0,6.01,1394.226470057022,620,0.0,0.0,0.0,0.0,0.0,0.0,0.0
246,21072,24,878.0,149893,63,29,6,2,6,67.4,9753,109,878.0,22.5552,167.48591328480984,135,0.0,0.0,0.0,0.0,0.0,0.0,0.0
247,63312,48,1319.0,149893,63,29,6,2,6,67.4,9753,109,1319.0,22.5552,167.48591328480984,402,0.0,0.0,0.0,0.0,0.0,0.0,0.0
248,189060,60,3151.0,149893,63,29,6,2,6,67.4,9753,109,3151.0,22.5552,167.48591328480984,203,25.0,1.0,0.0,1.0,0.0,0.0,0.0
249,402000,60,6700.0,149893,63,29,6,2,6,67.4,9753,109,6700.0,22.5552,167.48591328480984,315,0.0,0.0,0.0,0.0,0.0,0.0,0.0
250,68340,60,1139.0,149893,63,29,6,2,6,67.4,9753,109,1139.0,22.5552,167.48591328480984,617,0.0,0.0,0.0,0.0,0.0,0.0,0.0
251,233424,36,6484.0,149893,63,29,6,2,6,67.4,9753,109,6483.7,22.5552,167.48591328480984,254,0.0,0.0,1.0,0.0,0.0,0.0,0.0
252,129312,24,5388.0,149893,63,29,6,2,6,67.4,9753,109,5388.5,22.5552,167.48591328480984,684,0.0,0.0,0.0,0.0,0.0,0.0,1.0
253,197748,36,5493.0,102609,75,33,2,3,6,52.0,8187,94,5493.0,22.765150000000002,97.96491535830191,163,0.0,0.0,0.0,0.0,0.0,0.0,0.0
254,141240,24,5885.0,102609,75,33,2,3,6,52.0,8187,94,5885.3,22.765150000000002,97.96491535830191,388,24.0,0.0,0.0,1.0,0.0,0.0,0.0
255,135360,48,2820.0,102609,75,33,2,3,6,52.0,8187,94,2819.8,22.765150000000002,97.96491535830191,363,26.0,0.0,0.0,0.0,0.0,1.0,0.0
256,150912,36,4192.0,102609,75,33,2,3,6,52.0,8187,94,4192.5,22.765150000000002,97.96491535830191,333,27.0,0.0,0.0,1.0,0.0,0.0,0.0
257,191088,48,3981.0,102609,75,33,2,3,6,52.0,8187,94,3981.0,22.765150000000002,97.96491535830191,408,0.0,0.0,0.0,0.0,0.0,0.0,0.0
258,48312,24,2013.0,102609,75,33,2,3,6,52.0,8187,94,2013.0,22.765150000000002,97.96491535830191,503,0.0,0.0,0.0,0.0,0.0,0.0,0.0
259,100800,24,4200.0,102609,75,33,2,3,6,52.0,8187,94,4200.2,22.765150000000002,97.96491535830191,469,0.0,0.0,0.0,0.0,0.0,0.0,1.0
260,385560,60,6426.0,102609,75,33,2,3,6,52.0,8187,94,6426.3,22.765150000000002,97.96491535830191,424,0.0,0.0,0.0,0.0,0.0,0.0,1.0
261,220440,60,3674.0,102609,75,33,2,3,6,52.0,8187,94,3673.7,22.765150000000002,97.96491535830191,641,0.0,0.0,1.0,0.0,0.0,0.0,0.0
262,36204,12,3017.0,102609,75,33,2,3,6,52.0,8187,94,3017.2,22.765150000000002,97.96491535830191,478,0.0,0.0,0.0,0.0,0.0,0.0,1.0
263,174960,24,7290.0,102609,75,33,2,3,6,52.0,8187,94,7290.5,22.765150000000002,97.96491535830191,674,0.0,0.0,0.0,0.0,0.0,0.0,0.0
264,317460,60,5291.0,102609,75,33,2,3,6,52.0,8187,94,5290.8,22.765150000000002,97.96491535830191,499,0.0,0.0,0.0,0.0,0.0,0.0,0.0
265,300660,60,5011.0,128118,9,16,6,3,8,85.3,9317,97,5011.2,33.55545,237.7143024399382,304,0.0,0.0,0.0,0.0,0.0,0.0,0.0
266,239460,60,3991.0,128118,9,16,6,3,8,85.3,9317,97,3990.8,33.55545,237.7143024399382,274,0.0,0.0,0.0,0.0,0.0,0.0,0.0
267,15420,12,1285.0,128118,9,16,6,3,8,85.3,9317,97,1285.0,33.55545,237.7143024399382,667,0.0,0.0,0.0,0.0,0.0,0.0,0.0
268,186384,48,3883.0,128118,9,16,6,3,8,85.3,9317,97,3883.0,33.55545,237.7143024399382,645,0.0,0.0,1.0,0.0,0.0,0.0,0.0
269,88440,12,7370.0,128118,9,16,6,3,8,85.3,9317,97,7370.2,33.55545,237.7143024399382,179,26.0,1.0,0.0,1.0,0.0,0.0,0.0
270,42384,12,3532.0,128118,9,16,6,3,8,85.3,9317,97,3532.0,33.55545,237.7143024399382,475,0.0,0.0,0.0,0.0,0.0,0.0,0.0
271,182628,36,5073.0,138032,67,30,4,2,5,64.6,8819,99,5073.0,27.845399999999998,144.93209907847455,142,0.0,0.0,0.0,0.0,0.0,0.0,0.0
272,68112,12,5676.0,138032,67,30,4,2,5,64.6,8819,99,5676.0,27.845399999999998,144.93209907847455,532,0.0,0.0,0.0,0.0,0.0,0.0,0.0
273,399120,60,6652.0,138032,67,30,4,2,5,64.6,8819,99,6652.5,27.845399999999998,144.93209907847455,450,0.0,0.0,0.0,0.0,0.0,0.0,0.0
274,45768,12,3814.0,138032,67,30,4,2,5,64.6,8819,99,3813.7,27.845399999999998,144.93209907847455,447,0.0,0.0,0.0,0.0,0.0,0.0,0.0
275,91632,12,7636.0,94725,38,28,1,3,6,63.4,9920,130,7636.0,11.445300000000001,212.2614726840855,365,0.0,0.0,0.0,0.0,0.0,0.0,0.0
276,63252,12,5271.0,94725,38,28,1,3,6,63.4,9920,130,5270.7,11.445300000000001,212.2614726840855,672,0.0,0.0,0.0,0.0,0.0,0.0,0.0
277,225504,48,4698.0,94725,38,28,1,3,6,63.4,9920,130,4698.0,11.445300000000001,212.2614726840855,686,28.0,0.0,1.0,0.0,0.0,1.0,0.0
278,39168,24,1632.0,94725,38,28,1,3,6,63.4,9920,130,1632.0,11.445300000000001,212.2614726840855,347,0.0,0.0,0.0,0.0,0.0,0.0,0.0
279,38496,12,3208.0,94725,38,28,1,3,6,63.4,9920,130,3207.8,11.445300000000001,212.2614726840855,390,28.0,0.0,0.0,1.0,0.0,0.0,0.0
280,99744,24,4156.0,94725,38,28,1,3,6,63.4,9920,130,4156.5,11.445300000000001,212.2614726840855,523,0.0,0.0,1.0,0.0,0.0,0.0,0.0
281,51696,24,2154.0,323870,0,0,0,1,1,100.0,10673,100,2153.8,22.75525,1668.45704603699,396,24.0,0.0,0.0,1.0,0.0,0.0,0.0
282,230220,36,6395.0,323870,0,0,0,1,1,100.0,10673,100,6394.8,22.75525,1668.45704603699,356,0.0,0.0,0.0,0.0,0.0,0.0,1.0
283,17508,12,1459.0,323870,0,0,0,1,1,100.0,10673,100,1459.0,22.75525,1668.45704603699,450,24.0,0.0,0.0,0.0,1.0,0.0,0.0
284,59760,24,2490.0,323870,0,0,0,1,1,100.0,10673,100,2490.0,22.75525,1668.45704603699,312,24.0,0.0,0.0,1.0,0.0,0.0,0.0
285,398640,60,6644.0,323870,0,0,0,1,1,100.0,10673,100,6643.7,22.75525,1668.45704603699,512,0.0,0.0,1.0,0.0,0.0,0.0,0.0
286,221280,48,4610.0,323870,0,0,0,1,1,100.0,10673,100,4610.0,22.75525,1668.45704603699,389,0.0,0.0,1.0,0.0,0.0,0.0,0.0
287,151728,48,3161.0,323870,0,0,0,1,1,100.0,10673,100,3160.7,22.75525,1668.45704603699,271,0.0,0.0,0.0,0.0,0.0,0.0,1.0
288,104712,24,4363.0,323870,0,0,0,1,1,100.0,10673,100,4362.7,22.75525,1668.45704603699,691,0.0,0.0,0.0,0.0,0.0,0.0,0.0
289,194880,48,4060.0,323870,0,0,0,1,1,100.0,10673,100,4059.5,22.75525,1668.45704603699,552,25.0,0.0,0.0,0.0,0.0,1.0,0.0
290,232560,48,4845.0,323870,0,0,0,1,1,100.0,10673,100,4845.0,22.75525,1668.45704603699,164,0.0,1.0,0.0,0.0,0.0,0.0,0.0
291,380160,60,6336.0,323870,0,0,0,1,1,100.0,10673,100,6336.0,22.75525,1668.45704603699,579,26.0,0.0,0.0,1.0,0.0,0.0,0.0
292,146064,24,6086.0,323870,0,0,0,1,1,100.0,10673,100,6086.2,22.75525,1668.45704603699,166,0.0,0.0,0.0,0.0,0.0,0.0,0.0
293,76992,24,3208.0,323870,0,0,0,1,1,100.0,10673,100,3207.8,22.75525,1668.45704603699,139,27.0,0.0,0.0,1.0,0.0,0.0,0.0
294,285240,60,4754.0,323870,0,0,0,1,1,100.0,10673,100,4753.7,22.75525,1668.45704603699,267,0.0,0.0,0.0,0.0,0.0,0.0,0.0
295,102876,12,8573.0,323870,0,0,0,1,1,100.0,10673,100,8573.0,22.75525,1668.45704603699,462,27.0,0.0,0.0,1.0,0.0,0.0,0.0
296,68124,12,5677.0,323870,0,0,0,1,1,100.0,10673,100,5677.0,22.75525,1668.45704603699,320,0.0,0.0,0.0,0.0,0.0,0.0,0.0
297,128544,24,5356.0,323870,0,0,0,1,1,100.0,10673,100,5355.7,22.75525,1668.45704603699,287,0.0,1.0,0.0,0.0,0.0,0.0,0.0
298,214596,36,5961.0,323870,0,0,0,1,1,100.0,10673,100,5961.0,22.75525,1668.45704603699,138,27.0,0.0,0.0,1.0,0.0,0.0,0.0
299,94512,12,7876.0,323870,0,0,0,1,1,100.0,10673,100,7876.0,22.75525,1668.45704603699,632,0.0,0.0,0.0,0.0,0.0,0.0,1.0
300,100128,24,4172.0,323870,0,0,0,1,1,100.0,10673,100,4172.0,22.75525,1668.45704603699,589,27.0,0.0,0.0,1.0,0.0,0.0,0.0
301,91200,24,3800.0,119895,17,4,3,2,4,89.9,10446,90,3799.8,39.7152,170.60266483172776,231,0.0,0.0,0.0,0.0,0.0,0.0,0.0
302,73836,36,2051.0,119895,17,4,3,2,4,89.9,10446,90,2051.0,39.7152,170.60266483172776,188,25.0,0.0,0.0,1.0,0.0,0.0,0.0
303,73056,48,1522.0,119895,17,4,3,2,4,89.9,10446,90,1522.0,39.7152,170.60266483172776,290,0.0,0.0,0.0,0.0,0.0,0.0,0.0
304,123408,24,5142.0,119895,17,4,3,2,4,89.9,10446,90,5142.0,39.7152,170.60266483172776,384,26.0,1.0,0.0,0.0,1.0,0.0,0.0
305,253560,60,4226.0,119895,17,4,3,2,4,89.9,10446,90,4226.5,39.7152,170.60266483172776,645,0.0,0.0,0.0,0.0,0.0,0.0,0.0
306,7656,24,319.0,78955,50,24,8,1,9,59.0,9060,124,319.0,6.2554,67.16969792920018,367,0.0,0.0,0.0,0.0,0.0,0.0,0.0
307,137880,60,2298.0,78955,50,24,8,1,9,59.0,9060,124,2298.2,6.2554,67.16969792920018,486,0.0,0.0,1.0,0.0,0.0,0.0,1.0
308,158760,60,2646.0,78955,50,24,8,1,9,59.0,9060,124,2645.5,6.2554,67.16969792920018,672,0.0,0.0,0.0,0.0,0.0,0.0,0.0
309,181020,60,3017.0,78955,50,24,8,1,9,59.0,9060,124,3016.7,6.2554,67.16969792920018,551,0.0,0.0,0.0,0.0,0.0,0.0,0.0
310,238716,36,6631.0,78955,50,24,8,1,9,59.0,9060,124,6630.7,6.2554,67.16969792920018,503,0.0,0.0,1.0,0.0,0.0,0.0,0.0
311,30012,12,2501.0,78955,50,24,8,1,9,59.0,9060,124,2501.0,6.2554,67.16969792920018,659,0.0,0.0,0.0,0.0,0.0,0.0,0.0
312,212400,36,5900.0,85852,41,23,4,2,4,59.8,8965,104,5900.0,39.1154,120.01963844756092,391,0.0,0.0,1.0,0.0,0.0,0.0,0.0
313,87360,24,3640.0,85852,41,23,4,2,4,59.8,8965,104,3639.5,39.1154,120.01963844756092,321,24.0,0.0,0.0,1.0,0.0,0.0,0.0
314,23628,12,1969.0,85852,41,23,4,2,4,59.8,8965,104,1968.7,39.1154,120.01963844756092,547,0.0,0.0,0.0,0.0,0.0,0.0,0.0
315,20832,48,434.0,85852,41,23,4,2,4,59.8,8965,104,434.0,39.1154,120.01963844756092,550,0.0,0.0,0.0,0.0,0.0,0.0,0.0
316,71064,36,1974.0,85852,41,23,4,2,4,59.8,8965,104,1974.0,39.1154,120.01963844756092,403,0.0,0.0,0.0,0.0,0.0,0.0,0.0
317,123216,48,2567.0,85852,41,23,4,2,4,59.8,8965,104,2567.3,39.1154,120.01963844756092,561,26.0,0.0,0.0,0.0,0.0,1.0,0.0
318,176148,36,4893.0,85852,41,23,4,2,4,59.8,8965,104,4893.0,39.1154,120.01963844756092,135,0.0,0.0,0.0,0.0,0.0,0.0,0.0
319,96768,36,2688.0,85852,41,23,4,2,4,59.8,8965,104,2687.5,39.1154,120.01963844756092,364,0.0,0.0,0.0,0.0,0.0,0.0,0.0
320,44304,24,1846.0,85852,41,23,4,2,4,59.8,8965,104,1846.0,39.1154,120.01963844756092,314,0.0,0.0,0.0,0.0,0.0,0.0,0.0
321,130896,24,5454.0,85852,41,23,4,2,4,59.8,8965,104,5454.0,39.1154,120.01963844756092,574,0.0,0.0,0.0,0.0,0.0,0.0,0.0
322,64860,60,1081.0,85852,41,23,4,2,4,59.8,8965,104,1081.0,39.1154,120.01963844756092,561,0.0,0.0,0.0,0.0,0.0,0.0,0.0
323,327660,60,5461.0,85852,41,23,4,2,4,59.8,8965,104,5461.3,39.1154,120.01963844756092,660,28.0,0.0,0.0,1.0,0.0,0.0,0.0
324,160920,36,4470.0,85852,41,23,4,2,4,59.8,8965,104,4470.5,39.1154,120.01963844756092,359,28.0,0.0,0.0,1.0,0.0,0.0,0.0
325,167100,60,2785.0,145688,22,41,13,2,5,40.7,8544,109,2784.8,5.940449999999999,71.05594146395036,335,24.0,0.0,0.0,1.0,0.0,0.0,0.0
326,87216,48,1817.0,145688,22,41,13,2,5,40.7,8544,109,1817.0,5.940449999999999,71.05594146395036,616,0.0,0.0,0.0,0.0,0.0,0.0,0.0
327,37908,12,3159.0,145688,22,41,13,2,5,40.7,8544,109,3159.0,5.940449999999999,71.05594146395036,460,0.0,0.0,0.0,0.0,0.0,0.0,0.0
328,320592,48,6679.0,145688,22,41,13,2,5,40.7,8544,109,6678.7,5.940449999999999,71.05594146395036,465,26.0,0.0,0.0,1.0,0.0,0.0,0.0
329,192744,36,5354.0,145688,22,41,13,2,5,40.7,8544,109,5353.5,5.940449999999999,71.05594146395036,137,0.0,0.0,0.0,0.0,0.0,0.0,0.0
330,46176,48,962.0,145688,22,41,13,2,5,40.7,8544,109,962.0,5.940449999999999,71.05594146395036,161,0.0,0.0,0.0,0.0,0.0,0.0,0.0
331,182640,48,3805.0,145688,22,41,13,2,5,40.7,8544,109,3805.2,5.940449999999999,71.05594146395036,242,0.0,0.0,0.0,0.0,0.0,0.0,0.0
332,405780,60,6763.0,145688,22,41,13,2,5,40.7,8544,109,6763.0,5.940449999999999,71.05594146395036,694,0.0,0.0,0.0,0.0,0.0,0.0,0.0
333,76104,24,3171.0,145688,22,41,13,2,5,40.7,8544,109,3171.0,5.940449999999999,71.05594146395036,340,0.0,0.0,0.0,0.0,0.0,0.0,0.0
334,165780,60,2763.0,145688,22,41,13,2,5,40.7,8544,109,2762.8,5.940449999999999,71.05594146395036,607,0.0,0.0,1.0,0.0,0.0,0.0,0.0
335,89040,60,1484.0,148545,8,35,12,3,4,53.5,8909,113,1484.0,22.780050000000003,102.358174290619,392,0.0,0.0,0.0,0.0,0.0,0.0,0.0
336,173808,24,7242.0,148545,8,35,12,3,4,53.5,8909,113,7242.0,22.780050000000003,102.358174290619,383,0.0,1.0,0.0,0.0,0.0,0.0,0.0
337,48744,36,1354.0,148545,8,35,12,3,4,53.5,8909,113,1354.0,22.780050000000003,102.358174290619,134,26.0,0.0,0.0,1.0,0.0,0.0,0.0
338,87528,24,3647.0,148545,8,35,12,3,4,53.5,8909,113,3647.0,22.780050000000003,102.358174290619,366,27.0,1.0,0.0,1.0,0.0,0.0,0.0
339,49872,12,4156.0,148545,8,35,12,3,4,53.5,8909,113,4156.5,22.780050000000003,102.358174290619,684,0.0,1.0,0.0,0.0,0.0,0.0,0.0
340,41988,12,3499.0,148545,8,35,12,3,4,53.5,8909,113,3499.0,22.780050000000003,102.358174290619,622,0.0,0.0,0.0,0.0,0.0,0.0,0.0
341,193968,36,5388.0,226122,32,50,7,4,4,62.6,8994,110,5388.5,17.435,200.37021607804635,197,0.0,1.0,0.0,0.0,0.0,0.0,0.0
342,60000,60,1000.0,226122,32,50,7,4,4,62.6,8994,110,1000.0,17.435,200.37021607804635,658,0.0,0.0,0.0,0.0,0.0,0.0,0.0
343,309552,48,6449.0,226122,32,50,7,4,4,62.6,8994,110,6449.0,17.435,200.37021607804635,241,0.0,0.0,0.0,0.0,0.0,0.0,0.0
344,217152,36,6032.0,226122,32,50,7,4,4,62.6,8994,110,6031.8,17.435,200.37021607804635,309,25.0,0.0,0.0,1.0,0.0,0.0,0.0
345,309600,48,6450.0,226122,32,50,7,4,4,62.6,8994,110,6450.2,17.435,200.37021607804635,348,0.0,0.0,1.0,0.0,0.0,0.0,0.0
346,161496,36,4486.0,226122,32,50,7,4,4,62.6,8994,110,4486.0,17.435,200.37021607804635,633,0.0,0.0,1.0,0.0,0.0,0.0,0.0
347,187104,24,7796.0,226122,32,50,7,4,4,62.6,8994,110,7795.5,17.435,200.37021607804635,141,26.0,0.0,0.0,1.0,0.0,0.0,0.0
348,29448,12,2454.0,226122,32,50,7,4,4,62.6,8994,110,2454.5,17.435,200.37021607804635,119,0.0,0.0,0.0,0.0,0.0,0.0,1.0
349,155616,48,3242.0,226122,32,50,7,4,4,62.6,8994,110,3242.0,17.435,200.37021607804635,691,0.0,0.0,0.0,0.0,0.0,0.0,0.0
350,53232,48,1109.0,226122,32,50,7,4,4,62.6,8994,110,1109.0,17.435,200.37021607804635,638,0.0,0.0,0.0,0.0,0.0,0.0,0.0
351,78696,36,2186.0,226122,32,50,7,4,4,62.6,8994,110,2186.0,17.435,200.37021607804635,224,0.0,0.0,0.0,0.0,0.0,0.0,0.0
352,465504,48,9698.0,226122,32,50,7,4,4,62.6,8994,110,9698.0,17.435,200.37021607804635,374,0.0,0.0,0.0,0.0,0.0,0.0,1.0
353,23412,12,1951.0,226122,32,50,7,4,4,62.6,8994,110,1951.0,17.435,200.37021607804635,603,28.0,0.0,0.0,1.0,0.0,0.0,0.0
354,42816,12,3568.0,226122,32,50,7,4,4,62.6,8994,110,3568.0,17.435,200.37021607804635,458,0.0,0.0,0.0,0.0,0.0,0.0,0.0
355,24312,12,2026.0,93931,74,21,10,1,8,56.9,8427,107,2025.7,5.7751,57.53666521169795,455,0.0,0.0,0.0,0.0,0.0,0.0,0.0
356,170256,24,7094.0,93931,74,21,10,1,8,56.9,8427,107,7094.0,5.7751,57.53666521169795,448,24.0,0.0,0.0,1.0,0.0,0.0,0.0
357,60156,36,1671.0,93931,74,21,10,1,8,56.9,8427,107,1671.0,5.7751,57.53666521169795,230,0.0,0.0,0.0,0.0,0.0,0.0,1.0
358,165960,24,6915.0,93931,74,21,10,1,8,56.9,8427,107,6915.0,5.7751,57.53666521169795,561,0.0,0.0,0.0,0.0,0.0,0.0,0.0
359,22968,36,638.0,93931,74,21,10,1,8,56.9,8427,107,638.0,5.7751,57.53666521169795,120,0.0,0.0,0.0,0.0,0.0,0.0,0.0
360,115812,36,3217.0,93931,74,21,10,1,8,56.9,8427,107,3216.7,5.7751,57.53666521169795,585,0.0,0.0,0.0,0.0,0.0,0.0,0.0
361,98304,12,8192.0,93931,74,21,10,1,8,56.9,8427,107,8191.5,5.7751,57.53666521169795,533,27.0,0.0,0.0,1.0,0.0,0.0,0.0
362,130464,48,2718.0,93931,74,21,10,1,8,56.9,8427,107,2718.0,5.7751,57.53666521169795,664,0.0,0.0,0.0,0.0,0.0,0.0,0.0
363,140688,48,2931.0,93931,74,21,10,1,8,56.9,8427,107,2931.0,5.7751,57.53666521169795,416,0.0,0.0,0.0,0.0,0.0,0.0,0.0
364,140688,48,2931.0,93931,74,21,10,1,8,56.9,8427,107,2931.0,5.7751,57.53666521169795,416,0.0,0.0,0.0,0.0,0.0,0.0,0.0
365,269964,36,7499.0,93931,74,21,10,1,8,56.9,8427,107,7498.7,5.7751,57.53666521169795,341,28.0,0.0,0.0,0.0,0.0,1.0,0.0
366,272520,60,4542.0,92084,55,29,4,3,5,46.7,10124,141,4542.0,0.2953,167.2674731766648,333,0.0,0.0,0.0,0.0,0.0,0.0,0.0
367,172080,48,3585.0,92084,55,29,4,3,5,46.7,10124,141,3585.2,0.2953,167.2674731766648,198,0.0,0.0,0.0,0.0,0.0,0.0,0.0
368,98592,24,4108.0,92084,55,29,4,3,5,46.7,10124,141,4108.3,0.2953,167.2674731766648,183,0.0,1.0,0.0,0.0,0.0,0.0,0.0
369,155616,48,3242.0,92084,55,29,4,3,5,46.7,10124,141,3241.8,0.2953,167.2674731766648,228,0.0,0.0,0.0,0.0,0.0,0.0,0.0
370,160656,24,6694.0,92084,55,29,4,3,5,46.7,10124,141,6694.2,0.2953,167.2674731766648,651,0.0,0.0,0.0,0.0,0.0,0.0,0.0
371,97632,12,8136.0,70646,94,14,3,1,4,58.4,8547,120,8136.0,11.85025,74.36777736885315,301,0.0,0.0,0.0,0.0,0.0,0.0,0.0
372,192552,24,8023.0,70646,94,14,3,1,4,58.4,8547,120,8022.8,11.85025,74.36777736885315,440,0.0,0.0,1.0,0.0,0.0,0.0,1.0
373,266220,60,4437.0,70646,94,14,3,1,4,58.4,8547,120,4437.0,11.85025,74.36777736885315,522,0.0,0.0,0.0,0.0,0.0,0.0,0.0
374,128988,36,3583.0,70646,94,14,3,1,4,58.4,8547,120,3583.0,11.85025,74.36777736885315,551,0.0,0.0,1.0,0.0,0.0,0.0,1.0
375,220620,60,3677.0,70646,94,14,3,1,4,58.4,8547,120,3677.3,11.85025,74.36777736885315,521,0.0,0.0,0.0,0.0,0.0,0.0,0.0
376,318480,60,5308.0,70646,94,14,3,1,4,58.4,8547,120,5307.5,11.85025,74.36777736885315,422,0.0,0.0,0.0,0.0,0.0,0.0,1.0
377,196080,48,4085.0,87419,21,11,4,3,9,85.5,8624,102,4085.0,6.36545,119.02611560415927,231,0.0,0.0,0.0,0.0,0.0,0.0,0.0
378,74688,12,6224.0,87419,21,11,4,3,9,85.5,8624,102,6224.3,6.36545,119.02611560415927,496,0.0,0.0,0.0,0.0,0.0,0.0,0.0
379,88704,48,1848.0,87419,21,11,4,3,9,85.5,8624,102,1848.0,6.36545,119.02611560415927,670,0.0,0.0,0.0,0.0,0.0,0.0,0.0
380,79344,48,1653.0,87419,21,11,4,3,9,85.5,8624,102,1653.0,6.36545,119.02611560415927,567,0.0,0.0,0.0,0.0,0.0,0.0,0.0
381,25944,24,1081.0,118650,8,8,5,1,3,85.6,9832,114,1081.0,17.2551,254.57025284450063,260,24.0,0.0,0.0,1.0,0.0,0.0,0.0
382,198240,24,8260.0,118650,8,8,5,1,3,85.6,9832,114,8260.0,17.2551,254.57025284450063,160,0.0,0.0,0.0,0.0,0.0,0.0,0.0
383,123300,36,3425.0,118650,8,8,5,1,3,85.6,9832,114,3425.2,17.2551,254.57025284450063,565,28.0,0.0,1.0,1.0,0.0,0.0,0.0
384,104808,12,8734.0,125832,151,41,2,3,5,48.3,8512,102,8734.0,17.08505,80.29027989700553,186,0.0,0.0,0.0,0.0,0.0,0.0,0.0
385,151560,24,6315.0,125832,151,41,2,3,5,48.3,8512,102,6315.0,17.08505,80.29027989700553,194,24.0,0.0,0.0,0.0,1.0,0.0,0.0
386,79632,24,3318.0,125832,151,41,2,3,5,48.3,8512,102,3318.0,17.08505,80.29027989700553,141,0.0,0.0,0.0,0.0,0.0,0.0,0.0
387,465072,48,9689.0,125832,151,41,2,3,5,48.3,8512,102,9689.0,17.08505,80.29027989700553,541,0.0,0.0,0.0,0.0,0.0,0.0,0.0
388,368880,60,6148.0,125832,151,41,2,3,5,48.3,8512,102,6148.0,17.08505,80.29027989700553,590,0.0,0.0,0.0,0.0,0.0,0.0,0.0
389,67980,12,5665.0,125832,151,41,2,3,5,48.3,8512,102,5665.0,17.08505,80.29027989700553,118,0.0,0.0,0.0,0.0,0.0,0.0,0.0
390,88608,12,7384.0,125832,151,41,2,3,5,48.3,8512,102,7384.0,17.08505,80.29027989700553,632,0.0,1.0,0.0,0.0,0.0,0.0,0.0
391,300204,36,8339.0,67298,71,19,10,0,7,43.8,8561,110,8339.0,0.67525,74.32031412523403,364,0.0,0.0,0.0,0.0,0.0,0.0,0.0
392,64656,48,1347.0,67298,71,19,10,0,7,43.8,8561,110,1347.0,0.67525,74.32031412523403,124,26.0,0.0,0.0,1.0,0.0,0.0,0.0
393,239160,60,3986.0,67298,71,19,10,0,7,43.8,8561,110,3985.7,0.67525,74.32031412523403,437,0.0,0.0,0.0,0.0,0.0,0.0,0.0
394,300600,60,5010.0,67298,71,19,10,0,7,43.8,8561,110,5010.5,0.67525,74.32031412523403,398,27.0,0.0,0.0,1.0,0.0,0.0,0.0
395,107352,36,2982.0,67298,71,19,10,0,7,43.8,8561,110,2982.5,0.67525,74.32031412523403,522,0.0,0.0,1.0,0.0,0.0,0.0,0.0
396,153144,36,4254.0,67298,71,19,10,0,7,43.8,8561,110,4253.7,0.67525,74.32031412523403,560,27.0,0.0,0.0,1.0,0.0,0.0,0.0
397,12540,12,1045.0,67298,71,19,10,0,7,43.8,8561,110,1045.0,0.67525,74.32031412523403,623,27.0,0.0,0.0,1.0,0.0,0.0,0.0
398,78720,48,1640.0,67298,71,19,10,0,7,43.8,8561,110,1640.0,0.67525,74.32031412523403,377,28.0,0.0,0.0,1.0,0.0,0.0,0.0
399,37812,12,3151.0,67298,71,19,10,0,7,43.8,8561,110,3151.3,0.67525,74.32031412523403,489,0.0,0.0,0.0,0.0,0.0,0.0,0.0
400,174744,24,7281.0,125236,28,11,1,4,5,87.7,9675,100,7281.3,33.860150000000004,200.8496758120668,452,24.0,0.0,0.0,0.0,0.0,1.0,1.0
401,185952,48,3874.0,125236,28,11,1,4,5,87.7,9675,100,3873.7,33.860150000000004,200.8496758120668,375,0.0,0.0,0.0,0.0,0.0,0.0,0.0
402,21852,36,607.0,125236,28,11,1,4,5,87.7,9675,100,607.0,33.860150000000004,200.8496758120668,169,25.0,0.0,0.0,1.0,0.0,0.0,0.0
403,67464,12,5622.0,125236,28,11,1,4,5,87.7,9675,100,5622.5,33.860150000000004,200.8496758120668,359,0.0,0.0,0.0,0.0,0.0,0.0,0.0
404,67464,12,5622.0,125236,28,11,1,4,5,87.7,9675,100,5622.5,33.860150000000004,200.8496758120668,359,0.0,0.0,0.0,0.0,0.0,0.0,0.0
405,247920,48,5165.0,125236,28,11,1,4,5,87.7,9675,100,5165.2,33.860150000000004,200.8496758120668,412,28.0,0.0,0.0,1.0,0.0,0.0,0.0
406,22104,12,1842.0,125236,28,11,1,4,5,87.7,9675,100,1842.0,33.860150000000004,200.8496758120668,379,0.0,0.0,0.0,0.0,0.0,0.0,0.0
407,10944,36,304.0,125236,28,11,1,4,5,87.7,9675,100,304.0,33.860150000000004,200.8496758120668,659,0.0,0.0,0.0,0.0,0.0,0.0,0.0
408,125472,24,5228.0,125236,28,11,1,4,5,87.7,9675,100,5227.7,33.860150000000004,200.8496758120668,393,0.0,0.0,0.0,0.0,0.0,0.0,0.0
409,244560,60,4076.0,124605,11,42,14,1,8,46.0,8772,126,4075.5,22.520449999999997,83.49664138678223,258,0.0,0.0,0.0,0.0,0.0,0.0,0.0
410,276660,36,7685.0,124605,11,42,14,1,8,46.0,8772,126,7685.0,22.520449999999997,83.49664138678223,314,0.0,0.0,0.0,0.0,0.0,0.0,1.0
411,123696,48,2577.0,124605,11,42,14,1,8,46.0,8772,126,2577.0,22.520449999999997,83.49664138678223,336,0.0,0.0,0.0,0.0,0.0,0.0,0.0
412,61320,60,1022.0,124605,11,42,14,1,8,46.0,8772,126,1022.0,22.520449999999997,83.49664138678223,331,0.0,0.0,0.0,0.0,0.0,0.0,0.0
413,272220,60,4537.0,124605,11,42,14,1,8,46.0,8772,126,4537.3,22.520449999999997,83.49664138678223,339,0.0,0.0,0.0,0.0,0.0,0.0,0.0
414,12792,12,1066.0,124605,11,42,14,1,8,46.0,8772,126,1066.0,22.520449999999997,83.49664138678223,413,0.0,0.0,0.0,0.0,0.0,0.0,0.0
415,185544,36,5154.0,124605,11,42,14,1,8,46.0,8772,126,5154.0,22.520449999999997,83.49664138678223,293,0.0,0.0,0.0,0.0,0.0,0.0,0.0
416,111384,24,4641.0,51428,50,11,3,1,4,52.7,8402,120,4641.0,16.99515,8.849158046200513,472,0.0,0.0,0.0,0.0,0.0,0.0,0.0
417,265320,36,7370.0,51428,50,11,3,1,4,52.7,8402,120,7370.0,16.99515,8.849158046200513,643,0.0,0.0,0.0,0.0,0.0,0.0,0.0
418,45336,24,1889.0,51428,50,11,3,1,4,52.7,8402,120,1889.0,16.99515,8.849158046200513,489,0.0,0.0,0.0,0.0,0.0,0.0,0.0
419,182040,60,3034.0,51428,50,11,3,1,4,52.7,8402,120,3034.0,16.99515,8.849158046200513,362,25.0,0.0,0.0,1.0,0.0,0.0,0.0
420,189696,24,7904.0,51428,50,11,3,1,4,52.7,8402,120,7903.8,16.99515,8.849158046200513,267,0.0,0.0,1.0,0.0,0.0,0.0,0.0
421,396120,60,6602.0,51428,50,11,3,1,4,52.7,8402,120,6601.7,16.99515,8.849158046200513,550,26.0,0.0,1.0,1.0,0.0,0.0,0.0
422,53076,12,4423.0,51428,50,11,3,1,4,52.7,8402,120,4423.0,16.99515,8.849158046200513,333,27.0,0.0,0.0,1.0,0.0,0.0,0.0
423,177504,48,3698.0,51428,50,11,3,1,4,52.7,8402,120,3697.8,16.99515,8.849158046200513,536,28.0,1.0,0.0,1.0,0.0,0.0,0.0
424,407952,48,8499.0,51428,50,11,3,1,4,52.7,8402,120,8499.0,16.99515,8.849158046200513,478,0.0,0.0,0.0,0.0,0.0,0.0,1.0
425,125472,24,5228.0,51428,50,11,3,1,4,52.7,8402,120,5227.7,16.99515,8.849158046200513,281,0.0,1.0,0.0,0.0,0.0,0.0,0.0
426,41256,12,3438.0,51428,50,11,3,1,4,52.7,8402,120,3438.0,16.99515,8.849158046200513,682,28.0,0.0,0.0,0.0,1.0,0.0,0.0
427,110736,48,2307.0,51428,50,11,3,1,4,52.7,8402,120,2306.8,16.99515,8.849158046200513,254,0.0,0.0,1.0,0.0,0.0,0.0,0.0
428,110736,48,2307.0,51428,50,11,3,1,4,52.7,8402,120,2306.8,16.99515,8.849158046200513,254,0.0,0.0,1.0,0.0,0.0,0.0,0.0
429,140064,24,5836.0,51428,50,11,3,1,4,52.7,8402,120,5836.0,16.99515,8.849158046200513,673,28.0,0.0,1.0,1.0,0.0,0.0,0.0
430,299088,36,8308.0,106054,38,25,6,2,6,63.1,8110,109,8307.8,28.31035,142.4138599204179,419,0.0,0.0,0.0,0.0,0.0,0.0,1.0
431,45768,12,3814.0,106054,38,25,6,2,6,63.1,8110,109,3813.7,28.31035,142.4138599204179,274,0.0,0.0,1.0,0.0,0.0,0.0,0.0
432,129408,24,5392.0,106054,38,25,6,2,6,63.1,8110,109,5392.0,28.31035,142.4138599204179,440,0.0,0.0,0.0,0.0,0.0,0.0,0.0
433,247920,48,5165.0,106054,38,25,6,2,6,63.1,8110,109,5165.2,28.31035,142.4138599204179,271,0.0,0.0,0.0,0.0,0.0,0.0,1.0
434,220428,36,6123.0,106054,38,25,6,2,6,63.1,8110,109,6123.0,28.31035,142.4138599204179,166,0.0,0.0,0.0,0.0,0.0,0.0,0.0
435,335184,48,6983.0,106054,38,25,6,2,6,63.1,8110,109,6983.3,28.31035,142.4138599204179,401,0.0,0.0,0.0,0.0,0.0,0.0,1.0
436,189300,60,3155.0,162580,83,26,5,1,6,72.8,9538,111,3155.0,5.9300500000000005,184.56298437692212,413,24.0,0.0,0.0,1.0,0.0,0.0,0.0
437,28248,24,1177.0,162580,83,26,5,1,6,72.8,9538,111,1177.0,5.9300500000000005,184.56298437692212,557,25.0,0.0,0.0,0.0,1.0,0.0,0.0
438,213300,36,5925.0,162580,83,26,5,1,6,72.8,9538,111,5925.0,5.9300500000000005,184.56298437692212,326,0.0,0.0,0.0,0.0,0.0,0.0,0.0
439,174048,48,3626.0,162580,83,26,5,1,6,72.8,9538,111,3626.0,5.9300500000000005,184.56298437692212,345,26.0,0.0,0.0,1.0,0.0,0.0,0.0
440,50112,24,2088.0,162580,83,26,5,1,6,72.8,9538,111,2088.0,5.9300500000000005,184.56298437692212,108,0.0,0.0,0.0,0.0,0.0,0.0,0.0
441,369000,60,6150.0,162580,83,26,5,1,6,72.8,9538,111,6149.5,5.9300500000000005,184.56298437692212,633,0.0,0.0,1.0,0.0,0.0,0.0,0.0
442,158184,36,4394.0,162580,83,26,5,1,6,72.8,9538,111,4393.8,5.9300500000000005,184.56298437692212,497,0.0,0.0,0.0,0.0,0.0,0.0,0.0
443,35856,24,1494.0,162580,83,26,5,1,6,72.8,9538,111,1494.0,5.9300500000000005,184.56298437692212,519,28.0,0.0,0.0,1.0,0.0,0.0,0.0
444,240528,48,5011.0,162580,83,26,5,1,6,72.8,9538,111,5011.2,5.9300500000000005,184.56298437692212,561,0.0,0.0,0.0,0.0,0.0,0.0,0.0
445,189792,48,3954.0,162580,83,26,5,1,6,72.8,9538,111,3954.3,5.9300500000000005,184.56298437692212,635,0.0,0.0,0.0,0.0,0.0,0.0,0.0
446,224604,36,6239.0,51313,34,12,3,1,4,59.2,8930,108,6239.2,17.1251,100.3988462962602,519,24.0,0.0,0.0,0.0,0.0,1.0,0.0
447,164052,36,4557.0,51313,34,12,3,1,4,59.2,8930,108,4557.2,17.1251,100.3988462962602,367,0.0,1.0,0.0,0.0,0.0,0.0,1.0
448,36684,12,3057.0,51313,34,12,3,1,4,59.2,8930,108,3057.0,17.1251,100.3988462962602,631,0.0,0.0,0.0,0.0,0.0,0.0,0.0
449,92976,24,3874.0,51313,34,12,3,1,4,59.2,8930,108,3873.7,17.1251,100.3988462962602,569,25.0,0.0,1.0,1.0,0.0,0.0,0.0
450,104712,24,4363.0,51313,34,12,3,1,4,59.2,8930,108,4362.7,17.1251,100.3988462962602,569,0.0,0.0,1.0,0.0,0.0,0.0,0.0
451,72408,24,3017.0,51313,34,12,3,1,4,59.2,8930,108,3016.7,17.1251,100.3988462962602,126,0.0,1.0,0.0,0.0,0.0,0.0,1.0
452,202788,36,5633.0,51313,34,12,3,1,4,59.2,8930,108,5633.0,17.1251,100.3988462962602,387,0.0,0.0,1.0,0.0,0.0,0.0,0.0
453,61560,12,5130.0,51313,34,12,3,1,4,59.2,8930,108,5129.5,17.1251,100.3988462962602,326,26.0,0.0,1.0,1.0,0.0,0.0,0.0
454,82896,12,6908.0,110643,49,41,4,1,4,51.9,8441,115,6907.5,17.26025,48.847834928554,482,24.0,0.0,0.0,1.0,0.0,0.0,0.0
455,189696,24,7904.0,110643,49,41,4,1,4,51.9,8441,115,7903.8,17.26025,48.847834928554,134,0.0,0.0,0.0,0.0,0.0,0.0,1.0
456,192744,36,5354.0,110643,49,41,4,1,4,51.9,8441,115,5353.5,17.26025,48.847834928554,488,24.0,0.0,0.0,1.0,0.0,0.0,0.0
457,89340,60,1489.0,110643,49,41,4,1,4,51.9,8441,115,1489.0,17.26025,48.847834928554,267,0.0,0.0,0.0,0.0,0.0,0.0,0.0
458,89340,60,1489.0,110643,49,41,4,1,4,51.9,8441,115,1489.0,17.26025,48.847834928554,267,0.0,0.0,0.0,0.0,0.0,0.0,0.0
459,54396,36,1511.0,110643,49,41,4,1,4,51.9,8441,115,1511.0,17.26025,48.847834928554,191,0.0,0.0,0.0,0.0,0.0,0.0,0.0
460,150180,60,2503.0,110643,49,41,4,1,4,51.9,8441,115,2502.8,17.26025,48.847834928554,199,0.0,0.0,1.0,0.0,0.0,0.0,0.0
461,49320,36,1370.0,110643,49,41,4,1,4,51.9,8441,115,1370.0,17.26025,48.847834928554,425,0.0,0.0,0.0,0.0,0.0,0.0,0.0
462,240900,60,4015.0,110643,49,41,4,1,4,51.9,8441,115,4015.0,17.26025,48.847834928554,533,0.0,0.0,0.0,0.0,0.0,0.0,0.0
463,209184,48,4358.0,139012,59,41,8,3,10,61.9,8363,108,4358.0,11.7701,73.76643383305039,391,0.0,0.0,0.0,0.0,0.0,0.0,0.0
464,48624,24,2026.0,139012,59,41,8,3,10,61.9,8363,108,2025.7,11.7701,73.76643383305039,521,0.0,0.0,0.0,0.0,0.0,0.0,0.0
465,158976,48,3312.0,139012,59,41,8,3,10,61.9,8363,108,3312.0,11.7701,73.76643383305039,518,0.0,0.0,0.0,0.0,0.0,0.0,0.0
466,27984,12,2332.0,139012,59,41,8,3,10,61.9,8363,108,2332.0,11.7701,73.76643383305039,519,0.0,0.0,1.0,0.0,0.0,0.0,0.0
467,290700,60,4845.0,139012,59,41,8,3,10,61.9,8363,108,4845.0,11.7701,73.76643383305039,392,0.0,0.0,0.0,0.0,0.0,0.0,1.0
468,133968,48,2791.0,139012,59,41,8,3,10,61.9,8363,108,2791.0,11.7701,73.76643383305039,261,26.0,0.0,0.0,1.0,0.0,0.0,0.0
469,141648,24,5902.0,139012,59,41,8,3,10,61.9,8363,108,5902.2,11.7701,73.76643383305039,200,0.0,0.0,0.0,0.0,0.0,0.0,0.0
470,72120,12,6010.0,139012,59,41,8,3,10,61.9,8363,108,6010.2,11.7701,73.76643383305039,616,26.0,0.0,0.0,0.0,1.0,0.0,0.0
471,22932,36,637.0,139012,59,41,8,3,10,61.9,8363,108,637.0,11.7701,73.76643383305039,223,0.0,0.0,0.0,0.0,0.0,0.0,0.0
472,293160,60,4886.0,139012,59,41,8,3,10,61.9,8363,108,4886.0,11.7701,73.76643383305039,537,0.0,0.0,0.0,0.0,0.0,0.0,0.0
473,334620,60,5577.0,139012,59,41,8,3,10,61.9,8363,108,5577.3,11.7701,73.76643383305039,243,0.0,0.0,0.0,0.0,0.0,0.0,0.0
474,156420,60,2607.0,139012,59,41,8,3,10,61.9,8363,108,2607.0,11.7701,73.76643383305039,344,0.0,0.0,1.0,0.0,0.0,0.0,0.0
475,253200,60,4220.0,139012,59,41,8,3,10,61.9,8363,108,4219.5,11.7701,73.76643383305039,586,0.0,0.0,0.0,0.0,0.0,0.0,0.0
476,69624,36,1934.0,139012,59,41,8,3,10,61.9,8363,108,1934.0,11.7701,73.76643383305039,585,28.0,0.0,0.0,1.0,0.0,0.0,0.0
477,87816,12,7318.0,105058,32,19,7,2,10,81.0,9272,118,7318.0,11.649999999999999,191.839293533096,476,0.0,0.0,0.0,0.0,0.0,0.0,0.0
478,162468,36,4513.0,105058,32,19,7,2,10,81.0,9272,118,4512.7,11.649999999999999,191.839293533096,148,0.0,0.0,0.0,0.0,0.0,0.0,0.0
479,91152,24,3798.0,105058,32,19,7,2,10,81.0,9272,118,3798.2,11.649999999999999,191.839293533096,465,26.0,0.0,0.0,1.0,0.0,0.0,0.0
480,57120,48,1190.0,105058,32,19,7,2,10,81.0,9272,118,1190.0,11.649999999999999,191.839293533096,275,27.0,0.0,0.0,1.0,0.0,0.0,0.0
481,48096,24,2004.0,105058,32,19,7,2,10,81.0,9272,118,2004.2,11.649999999999999,191.839293533096,454,0.0,0.0,1.0,0.0,0.0,0.0,0.0
482,16032,48,334.0,105058,32,19,7,2,10,81.0,9272,118,334.0,11.649999999999999,191.839293533096,449,0.0,0.0,0.0,0.0,0.0,0.0,0.0
483,98184,24,4091.0,114200,101,41,4,1,4,43.7,8403,105,4090.8,27.8952,88.03760070052539,111,0.0,0.0,0.0,0.0,0.0,0.0,0.0
484,187224,24,7801.0,114200,101,41,4,1,4,43.7,8403,105,7801.2,27.8952,88.03760070052539,504,0.0,0.0,0.0,0.0,0.0,0.0,1.0
485,244368,48,5091.0,114200,101,41,4,1,4,43.7,8403,105,5091.3,27.8952,88.03760070052539,488,0.0,1.0,0.0,0.0,0.0,0.0,0.0
486,113544,36,3154.0,114200,101,41,4,1,4,43.7,8403,105,3154.0,27.8952,88.03760070052539,358,0.0,0.0,0.0,0.0,0.0,0.0,0.0
487,200976,48,4187.0,114200,101,41,4,1,4,43.7,8403,105,4187.3,27.8952,88.03760070052539,219,0.0,0.0,0.0,0.0,0.0,0.0,0.0
488,100080,48,2085.0,114200,101,41,4,1,4,43.7,8403,105,2084.7,27.8952,88.03760070052539,103,0.0,0.0,0.0,0.0,0.0,0.0,0.0
489,83016,12,6918.0,285387,0,2,8,5,7,89.9,10177,81,6918.3,33.90515,159.11234218797634,632,24.0,0.0,0.0,0.0,0.0,1.0,0.0
490,134784,24,5616.0,285387,0,2,8,5,7,89.9,10177,81,5616.2,33.90515,159.11234218797634,288,0.0,0.0,0.0,0.0,0.0,0.0,0.0
491,89880,24,3745.0,285387,0,2,8,5,7,89.9,10177,81,3744.7,33.90515,159.11234218797634,154,26.0,0.0,1.0,1.0,0.0,0.0,0.0
492,100224,48,2088.0,285387,0,2,8,5,7,89.9,10177,81,2088.0,33.90515,159.11234218797634,125,0.0,0.0,0.0,0.0,0.0,0.0,1.0
493,49440,60,824.0,285387,0,2,8,5,7,89.9,10177,81,824.0,33.90515,159.11234218797634,464,0.0,0.0,0.0,0.0,0.0,0.0,0.0
494,123600,60,2060.0,285387,0,2,8,5,7,89.9,10177,81,2060.0,33.90515,159.11234218797634,297,0.0,0.0,0.0,0.0,0.0,0.0,0.0
495,86184,12,7182.0,285387,0,2,8,5,7,89.9,10177,81,7182.5,33.90515,159.11234218797634,237,26.0,0.0,0.0,1.0,0.0,0.0,0.0
496,86184,12,7182.0,285387,0,2,8,5,7,89.9,10177,81,7182.5,33.90515,159.11234218797634,237,26.0,0.0,0.0,1.0,0.0,0.0,0.0
497,45024,48,938.0,285387,0,2,8,5,7,89.9,10177,81,938.0,33.90515,159.11234218797634,214,0.0,0.0,0.0,0.0,0.0,0.0,0.0
498,73260,60,1221.0,285387,0,2,8,5,7,89.9,10177,81,1221.0,33.90515,159.11234218797634,164,0.0,0.0,0.0,0.0,0.0,0.0,0.0
499,162624,48,3388.0,285387,0,2,8,5,7,89.9,10177,81,3388.0,33.90515,159.11234218797634,585,0.0,0.0,0.0,0.0,0.0,0.0,0.0
500,305424,48,6363.0,285387,0,2,8,5,7,89.9,10177,81,6363.3,33.90515,159.11234218797634,346,0.0,0.0,0.0,0.0,0.0,0.0,0.0
501,59448,24,2477.0,285387,0,2,8,5,7,89.9,10177,81,2476.8,33.90515,159.11234218797634,539,0.0,0.0,0.0,0.0,0.0,0.0,1.0
502,210384,48,4383.0,285387,0,2,8,5,7,89.9,10177,81,4382.7,33.90515,159.11234218797634,483,0.0,0.0,0.0,0.0,0.0,0.0,0.0
503,33144,12,2762.0,285387,0,2,8,5,7,89.9,10177,81,2762.0,33.90515,159.11234218797634,182,0.0,0.0,0.0,0.0,0.0,0.0,0.0
504,92400,12,7700.0,285387,0,2,8,5,7,89.9,10177,81,7699.8,33.90515,159.11234218797634,459,27.0,0.0,0.0,1.0,0.0,0.0,0.0
505,97392,12,8116.0,285387,0,2,8,5,7,89.9,10177,81,8116.2,33.90515,159.11234218797634,400,0.0,0.0,0.0,0.0,0.0,0.0,0.0
506,541200,60,9020.0,285387,0,2,8,5,7,89.9,10177,81,9020.0,33.90515,159.11234218797634,587,0.0,0.0,0.0,0.0,0.0,0.0,1.0
507,42840,12,3570.0,285387,0,2,8,5,7,89.9,10177,81,3570.0,33.90515,159.11234218797634,265,0.0,0.0,0.0,0.0,0.0,0.0,0.0
508,267600,48,5575.0,285387,0,2,8,5,7,89.9,10177,81,5575.3,33.90515,159.11234218797634,678,0.0,0.0,1.0,0.0,0.0,0.0,0.0
509,188532,36,5237.0,285387,0,2,8,5,7,89.9,10177,81,5237.0,33.90515,159.11234218797634,648,0.0,0.0,0.0,0.0,0.0,0.0,0.0
510,22260,60,371.0,285387,0,2,8,5,7,89.9,10177,81,371.0,33.90515,159.11234218797634,159,0.0,0.0,0.0,0.0,0.0,0.0,0.0
511,109344,12,9112.0,285387,0,2,8,5,7,89.9,10177,81,9112.0,33.90515,159.11234218797634,504,28.0,0.0,0.0,1.0,0.0,0.0,0.0
512,55632,24,2318.0,285387,0,2,8,5,7,89.9,10177,81,2317.5,33.90515,159.11234218797634,644,0.0,0.0,0.0,0.0,0.0,0.0,0.0
513,205200,36,5700.0,161954,21,37,20,3,8,48.0,8720,116,5700.3,17.28515,94.79772342763995,541,0.0,0.0,1.0,0.0,0.0,0.0,0.0
514,23184,12,1932.0,161954,21,37,20,3,8,48.0,8720,116,1932.0,17.28515,94.79772342763995,315,0.0,0.0,0.0,0.0,0.0,0.0,0.0
515,84288,48,1756.0,161954,21,37,20,3,8,48.0,8720,116,1756.0,17.28515,94.79772342763995,121,0.0,0.0,0.0,0.0,0.0,0.0,0.0
516,335280,48,6985.0,161954,21,37,20,3,8,48.0,8720,116,6985.3,17.28515,94.79772342763995,464,0.0,0.0,1.0,0.0,0.0,0.0,0.0
517,349392,48,7279.0,161954,21,37,20,3,8,48.0,8720,116,7279.3,17.28515,94.79772342763995,657,27.0,0.0,0.0,1.0,0.0,0.0,0.0
518,194160,48,4045.0,161954,21,37,20,3,8,48.0,8720,116,4045.0,17.28515,94.79772342763995,520,0.0,0.0,0.0,0.0,0.0,0.0,0.0
519,51408,24,2142.0,45714,52,10,5,1,6,55.6,8843,113,2142.0,11.840100000000001,8.771579822373889,387,24.0,0.0,0.0,1.0,0.0,0.0,0.0
520,347952,48,7249.0,45714,52,10,5,1,6,55.6,8843,113,7248.8,11.840100000000001,8.771579822373889,657,0.0,0.0,0.0,0.0,0.0,0.0,0.0
521,417060,60,6951.0,45714,52,10,5,1,6,55.6,8843,113,6950.8,11.840100000000001,8.771579822373889,558,0.0,0.0,0.0,0.0,0.0,0.0,0.0
522,222180,60,3703.0,45714,52,10,5,1,6,55.6,8843,113,3702.8,11.840100000000001,8.771579822373889,382,0.0,0.0,0.0,0.0,0.0,0.0,1.0
523,97980,60,1633.0,45714,52,10,5,1,6,55.6,8843,113,1633.0,11.840100000000001,8.771579822373889,623,0.0,0.0,0.0,0.0,0.0,0.0,0.0
524,26208,36,728.0,45714,52,10,5,1,6,55.6,8843,113,728.0,11.840100000000001,8.771579822373889,129,0.0,0.0,0.0,0.0,0.0,0.0,0.0
525,84288,48,1756.0,45714,52,10,5,1,6,55.6,8843,113,1756.0,11.840100000000001,8.771579822373889,446,0.0,0.0,0.0,0.0,0.0,0.0,0.0
526,82128,24,3422.0,45714,52,10,5,1,6,55.6,8843,113,3421.5,11.840100000000001,8.771579822373889,506,0.0,0.0,0.0,0.0,0.0,0.0,0.0
527,199680,60,3328.0,95616,65,30,4,1,6,51.4,9307,118,3328.2,17.25525,107.74399682061579,412,0.0,0.0,0.0,0.0,0.0,0.0,0.0
528,538500,60,8975.0,95616,65,30,4,1,6,51.4,9307,118,8975.0,17.25525,107.74399682061579,336,0.0,0.0,0.0,0.0,0.0,0.0,0.0
529,285600,60,4760.0,95616,65,30,4,1,6,51.4,9307,118,4760.0,17.25525,107.74399682061579,252,0.0,0.0,1.0,0.0,0.0,0.0,0.0
530,155640,24,6485.0,95616,65,30,4,1,6,51.4,9307,118,6485.0,17.25525,107.74399682061579,412,0.0,0.0,0.0,0.0,0.0,0.0,0.0
531,67320,36,1870.0,95616,65,30,4,1,6,51.4,9307,118,1870.3,17.25525,107.74399682061579,499,0.0,0.0,0.0,0.0,0.0,0.0,0.0
532,76080,12,6340.0,95616,65,30,4,1,6,51.4,9307,118,6340.3,17.25525,107.74399682061579,371,27.0,0.0,0.0,0.0,0.0,1.0,0.0
533,87360,24,3640.0,95616,65,30,4,1,6,51.4,9307,118,3639.5,17.25525,107.74399682061579,221,27.0,0.0,0.0,1.0,0.0,0.0,0.0
534,177804,36,4939.0,95616,65,30,4,1,6,51.4,9307,118,4939.0,17.25525,107.74399682061579,423,0.0,0.0,0.0,0.0,0.0,0.0,0.0
535,22356,36,621.0,95616,65,30,4,1,6,51.4,9307,118,621.0,17.25525,107.74399682061579,314,0.0,0.0,0.0,0.0,0.0,0.0,0.0
536,290820,60,4847.0,95616,65,30,4,1,6,51.4,9307,118,4847.0,17.25525,107.74399682061579,342,28.0,0.0,0.0,1.0,0.0,0.0,0.0
537,177744,48,3703.0,161227,5,35,11,4,10,69.7,8678,102,3702.8,27.83015,126.8788571393129,511,25.0,0.0,0.0,1.0,0.0,0.0,1.0
538,154656,48,3222.0,161227,5,35,11,4,10,69.7,8678,102,3221.5,27.83015,126.8788571393129,454,0.0,0.0,0.0,0.0,0.0,0.0,0.0
539,27456,12,2288.0,161227,5,35,11,4,10,69.7,8678,102,2288.3,27.83015,126.8788571393129,241,0.0,0.0,1.0,0.0,0.0,0.0,0.0
540,49488,24,2062.0,161227,5,35,11,4,10,69.7,8678,102,2062.0,27.83015,126.8788571393129,217,28.0,0.0,0.0,1.0,0.0,0.0,0.0
541,112752,36,3132.0,161227,5,35,11,4,10,69.7,8678,102,3132.0,27.83015,126.8788571393129,674,28.0,0.0,0.0,1.0,0.0,0.0,0.0
542,172272,24,7178.0,161227,5,35,11,4,10,69.7,8678,102,7178.0,27.83015,126.8788571393129,331,0.0,0.0,0.0,0.0,0.0,0.0,0.0
543,43164,12,3597.0,117897,139,28,5,1,6,53.8,8814,107,3597.0,22.9053,85.25695734412241,363,0.0,0.0,0.0,0.0,0.0,0.0,0.0
544,225420,60,3757.0,117897,139,28,5,1,6,53.8,8814,107,3757.0,22.9053,85.25695734412241,312,0.0,0.0,0.0,0.0,0.0,0.0,0.0
545,139536,24,5814.0,117897,139,28,5,1,6,53.8,8814,107,5813.5,22.9053,85.25695734412241,576,0.0,0.0,0.0,0.0,0.0,0.0,0.0
546,54024,12,4502.0,117897,139,28,5,1,6,53.8,8814,107,4502.3,22.9053,85.25695734412241,675,26.0,0.0,0.0,1.0,0.0,0.0,0.0
547,51360,12,4280.0,117897,139,28,5,1,6,53.8,8814,107,4280.0,22.9053,85.25695734412241,382,0.0,0.0,0.0,0.0,0.0,0.0,1.0
548,116496,24,4854.0,117897,139,28,5,1,6,53.8,8814,107,4853.8,22.9053,85.25695734412241,684,0.0,0.0,0.0,0.0,0.0,0.0,0.0
549,79920,60,1332.0,170449,0,0,0,1,1,100.0,10787,131,1332.0,11.5752,176.03585529982576,443,25.0,0.0,0.0,1.0,0.0,0.0,0.0
550,29784,24,1241.0,170449,0,0,0,1,1,100.0,10787,131,1241.0,11.5752,176.03585529982576,125,0.0,0.0,0.0,0.0,0.0,0.0,0.0
551,249312,48,5194.0,170449,0,0,0,1,1,100.0,10787,131,5194.0,11.5752,176.03585529982576,433,0.0,0.0,1.0,0.0,0.0,0.0,0.0
552,59136,48,1232.0,170449,0,0,0,1,1,100.0,10787,131,1232.0,11.5752,176.03585529982576,262,0.0,0.0,0.0,0.0,0.0,0.0,0.0
553,272220,60,4537.0,170449,0,0,0,1,1,100.0,10787,131,4537.3,11.5752,176.03585529982576,320,0.0,0.0,0.0,0.0,0.0,0.0,1.0
554,66432,24,2768.0,170449,0,0,0,1,1,100.0,10787,131,2768.0,11.5752,176.03585529982576,595,0.0,0.0,0.0,0.0,0.0,0.0,0.0
555,103680,60,1728.0,95907,87,25,5,2,7,59.1,8388,87,1728.0,11.49005,55.29704818209307,604,0.0,0.0,0.0,0.0,0.0,0.0,1.0
556,98832,48,2059.0,95907,87,25,5,2,7,59.1,8388,87,2059.0,11.49005,55.29704818209307,696,0.0,0.0,0.0,0.0,0.0,0.0,0.0
557,38520,12,3210.0,95907,87,25,5,2,7,59.1,8388,87,3210.0,11.49005,55.29704818209307,597,0.0,0.0,0.0,0.0,0.0,0.0,0.0
558,207264,48,4318.0,95907,87,25,5,2,7,59.1,8388,87,4318.0,11.49005,55.29704818209307,281,0.0,1.0,0.0,0.0,0.0,0.0,0.0
559,23328,12,1944.0,95907,87,25,5,2,7,59.1,8388,87,1944.0,11.49005,55.29704818209307,187,0.0,0.0,0.0,0.0,0.0,0.0,0.0
560,390000,48,8125.0,95907,87,25,5,2,7,59.1,8388,87,8125.3,11.49005,55.29704818209307,510,0.0,1.0,0.0,0.0,0.0,0.0,0.0
561,331584,48,6908.0,95907,87,25,5,2,7,59.1,8388,87,6908.0,11.49005,55.29704818209307,595,0.0,0.0,0.0,0.0,0.0,0.0,0.0
562,99696,48,2077.0,88757,60,33,3,2,10,61.7,8554,113,2077.0,11.36035,60.864145926518475,646,0.0,0.0,0.0,0.0,0.0,0.0,1.0
563,18720,60,312.0,88757,60,33,3,2,10,61.7,8554,113,312.0,11.36035,60.864145926518475,247,27.0,0.0,0.0,1.0,0.0,0.0,0.0
564,152460,60,2541.0,88757,60,33,3,2,10,61.7,8554,113,2540.8,11.36035,60.864145926518475,481,0.0,0.0,1.0,0.0,0.0,0.0,0.0
565,156672,36,4352.0,72541,66,26,10,0,8,36.9,8594,112,4352.0,6.0351,72.43851752801864,400,0.0,0.0,0.0,0.0,0.0,0.0,0.0
566,248148,36,6893.0,72541,66,26,10,0,8,36.9,8594,112,6893.0,6.0351,72.43851752801864,503,0.0,0.0,0.0,0.0,0.0,0.0,0.0
567,30060,60,501.0,72541,66,26,10,0,8,36.9,8594,112,501.0,6.0351,72.43851752801864,651,26.0,0.0,0.0,1.0,0.0,0.0,0.0
568,90180,36,2505.0,72541,66,26,10,0,8,36.9,8594,112,2504.8,6.0351,72.43851752801864,138,0.0,0.0,0.0,0.0,0.0,0.0,0.0
569,213300,60,3555.0,72541,66,26,10,0,8,36.9,8594,112,3555.0,6.0351,72.43851752801864,181,0.0,0.0,0.0,0.0,0.0,0.0,0.0
570,215040,60,3584.0,72541,66,26,10,0,8,36.9,8594,112,3583.7,6.0351,72.43851752801864,403,0.0,0.0,0.0,0.0,0.0,0.0,0.0
571,385584,48,8033.0,72541,66,26,10,0,8,36.9,8594,112,8033.2,6.0351,72.43851752801864,502,0.0,0.0,0.0,0.0,0.0,0.0,0.0
572,44088,24,1837.0,81344,61,23,4,2,6,55.3,8899,149,1837.0,17.00045,128.53164953776553,236,0.0,0.0,0.0,0.0,0.0,0.0,0.0
573,20220,12,1685.0,81344,61,23,4,2,6,55.3,8899,149,1684.8,17.00045,128.53164953776553,343,25.0,0.0,0.0,1.0,0.0,0.0,0.0
574,93600,24,3900.0,81344,61,23,4,2,6,55.3,8899,149,3900.5,17.00045,128.53164953776553,308,26.0,0.0,0.0,1.0,0.0,0.0,0.0
575,221880,60,3698.0,81344,61,23,4,2,6,55.3,8899,149,3697.8,17.00045,128.53164953776553,311,0.0,0.0,0.0,0.0,0.0,0.0,0.0
576,341280,60,5688.0,81344,61,23,4,2,6,55.3,8899,149,5688.0,17.00045,128.53164953776553,406,27.0,0.0,0.0,1.0,0.0,0.0,0.0
577,33348,12,2779.0,81344,61,23,4,2,6,55.3,8899,149,2778.7,17.00045,128.53164953776553,368,0.0,0.0,0.0,0.0,0.0,0.0,0.0
578,53472,12,4456.0,81344,61,23,4,2,6,55.3,8899,149,4456.0,17.00045,128.53164953776553,617,0.0,0.0,1.0,0.0,0.0,0.0,0.0
579,52236,36,1451.0,81344,61,23,4,2,6,55.3,8899,149,1451.0,17.00045,128.53164953776553,444,0.0,0.0,0.0,0.0,0.0,0.0,0.0
580,144960,48,3020.0,81344,61,23,4,2,6,55.3,8899,149,3020.0,17.00045,128.53164953776553,601,0.0,0.0,0.0,0.0,0.0,0.0,0.0
581,107640,24,4485.0,88884,80,26,6,2,5,46.7,8507,132,4485.0,5.95535,113.11239368165249,179,0.0,0.0,0.0,0.0,0.0,0.0,0.0
582,85860,60,1431.0,88884,80,26,6,2,5,46.7,8507,132,1431.0,5.95535,113.11239368165249,431,25.0,0.0,0.0,1.0,0.0,0.0,0.0
583,77544,36,2154.0,88884,80,26,6,2,5,46.7,8507,132,2153.8,5.95535,113.11239368165249,386,27.0,0.0,0.0,1.0,0.0,0.0,0.0
584,93888,36,2608.0,88884,80,26,6,2,5,46.7,8507,132,2608.2,5.95535,113.11239368165249,315,0.0,0.0,1.0,0.0,0.0,0.0,0.0
585,314688,48,6556.0,88884,80,26,6,2,5,46.7,8507,132,6556.3,5.95535,113.11239368165249,579,28.0,0.0,1.0,1.0,0.0,0.0,0.0
586,208332,36,5787.0,88884,80,26,6,2,5,46.7,8507,132,5787.0,5.95535,113.11239368165249,561,0.0,0.0,0.0,0.0,0.0,0.0,0.0
587,41952,12,3496.0,161854,73,21,6,1,6,76.3,9425,125,3495.8,6.2851,123.6050421985246,425,0.0,0.0,0.0,0.0,0.0,0.0,0.0
588,32640,48,680.0,161854,73,21,6,1,6,76.3,9425,125,680.0,6.2851,123.6050421985246,482,0.0,0.0,0.0,0.0,0.0,0.0,0.0
589,359760,60,5996.0,161854,73,21,6,1,6,76.3,9425,125,5996.2,6.2851,123.6050421985246,475,0.0,0.0,0.0,0.0,0.0,0.0,0.0
590,71976,24,2999.0,161854,73,21,6,1,6,76.3,9425,125,2999.3,6.2851,123.6050421985246,546,0.0,1.0,0.0,0.0,0.0,0.0,1.0
591,124344,36,3454.0,161854,73,21,6,1,6,76.3,9425,125,3454.0,6.2851,123.6050421985246,620,0.0,0.0,0.0,0.0,0.0,0.0,0.0
592,191880,60,3198.0,103347,87,16,7,1,7,67.0,9104,123,3197.8,6.06005,97.78437690498998,272,0.0,0.0,0.0,0.0,0.0,0.0,0.0
593,30276,12,2523.0,103347,87,16,7,1,7,67.0,9104,123,2523.2,6.06005,97.78437690498998,388,0.0,0.0,0.0,0.0,0.0,0.0,1.0
594,30276,12,2523.0,103347,87,16,7,1,7,67.0,9104,123,2523.2,6.06005,97.78437690498998,388,0.0,0.0,0.0,0.0,0.0,0.0,1.0
595,116832,12,9736.0,103347,87,16,7,1,7,67.0,9104,123,9736.0,6.06005,97.78437690498998,275,0.0,0.0,0.0,0.0,0.0,0.0,0.0
596,86880,12,7240.0,103347,87,16,7,1,7,67.0,9104,123,7240.0,6.06005,97.78437690498998,346,27.0,0.0,0.0,1.0,0.0,0.0,0.0
597,156096,36,4336.0,103347,87,16,7,1,7,67.0,9104,123,4335.8,6.06005,97.78437690498998,187,0.0,0.0,1.0,0.0,0.0,0.0,0.0
598,352704,48,7348.0,103347,87,16,7,1,7,67.0,9104,123,7348.0,6.06005,97.78437690498998,513,28.0,0.0,0.0,1.0,0.0,0.0,0.0
599,20352,48,424.0,109164,98,16,6,1,4,63.6,8757,96,424.0,16.9904,92.53733373639662,283,0.0,0.0,0.0,0.0,0.0,0.0,0.0
600,102240,60,1704.0,109164,98,16,6,1,4,63.6,8757,96,1704.0,16.9904,92.53733373639662,607,27.0,0.0,0.0,1.0,0.0,0.0,0.0
601,68664,24,2861.0,109164,98,16,6,1,4,63.6,8757,96,2860.7,16.9904,92.53733373639662,501,0.0,0.0,1.0,0.0,0.0,0.0,0.0
602,174840,60,2914.0,109164,98,16,6,1,4,63.6,8757,96,2913.8,16.9904,92.53733373639662,389,0.0,0.0,0.0,0.0,0.0,0.0,0.0
603,165120,60,2752.0,121947,37,28,7,3,11,70.5,8541,131,2752.0,11.51005,124.69720042313465,601,0.0,0.0,0.0,0.0,0.0,0.0,0.0
604,309660,60,5161.0,121947,37,28,7,3,11,70.5,8541,131,5161.2,11.51005,124.69720042313465,136,0.0,0.0,0.0,0.0,0.0,0.0,0.0
605,42900,12,3575.0,121947,37,28,7,3,11,70.5,8541,131,3575.0,11.51005,124.69720042313465,646,27.0,0.0,0.0,1.0,0.0,0.0,0.0
606,288720,48,6015.0,121947,37,28,7,3,11,70.5,8541,131,6015.3,11.51005,124.69720042313465,172,27.0,0.0,0.0,1.0,0.0,0.0,0.0
607,78600,24,3275.0,121947,37,28,7,3,11,70.5,8541,131,3274.8,11.51005,124.69720042313465,136,0.0,0.0,0.0,0.0,0.0,0.0,0.0
608,191580,60,3193.0,121947,37,28,7,3,11,70.5,8541,131,3193.0,11.51005,124.69720042313465,176,0.0,0.0,0.0,0.0,0.0,0.0,0.0
609,215616,48,4492.0,42821,4,13,5,1,3,48.4,8173,124,4492.0,3.505,0.01585670582190981,303,0.0,0.0,0.0,0.0,0.0,0.0,1.0
610,388512,48,8094.0,42821,4,13,5,1,3,48.4,8173,124,8094.2,3.505,0.01585670582190981,646,0.0,1.0,0.0,0.0,0.0,0.0,1.0
611,84120,24,3505.0,42821,4,13,5,1,3,48.4,8173,124,3505.0,3.505,0.01585670582190981,105,0.0,0.0,1.0,0.0,0.0,0.0,0.0
612,90156,12,7513.0,42821,4,13,5,1,3,48.4,8173,124,7512.7,3.505,0.01585670582190981,383,27.0,0.0,0.0,0.0,1.0,0.0,0.0
613,194256,24,8094.0,42821,4,13,5,1,3,48.4,8173,124,8094.2,3.505,0.01585670582190981,689,27.0,0.0,0.0,1.0,0.0,0.0,0.0
614,348120,60,5802.0,42821,4,13,5,1,3,48.4,8173,124,5802.3,3.505,0.01585670582190981,395,28.0,0.0,0.0,1.0,0.0,0.0,0.0
615,122472,24,5103.0,42821,4,13,5,1,3,48.4,8173,124,5103.0,3.505,0.01585670582190981,465,0.0,0.0,0.0,0.0,0.0,0.0,0.0
616,495180,60,8253.0,42821,4,13,5,1,3,48.4,8173,124,8253.2,3.505,0.01585670582190981,222,28.0,0.0,0.0,0.0,0.0,1.0,0.0
617,66480,24,2770.0,182027,17,49,12,2,7,56.4,8746,90,2770.3,16.88515,110.72391183725492,139,0.0,0.0,1.0,0.0,0.0,0.0,1.0
618,139464,36,3874.0,182027,17,49,12,2,7,56.4,8746,90,3873.7,16.88515,110.72391183725492,396,0.0,0.0,0.0,0.0,0.0,0.0,1.0
619,74040,12,6170.0,182027,17,49,12,2,7,56.4,8746,90,6170.0,16.88515,110.72391183725492,636,0.0,0.0,0.0,0.0,0.0,0.0,0.0
620,260400,60,4340.0,182027,17,49,12,2,7,56.4,8746,90,4340.0,16.88515,110.72391183725492,557,0.0,0.0,0.0,0.0,0.0,0.0,1.0
621,168264,36,4674.0,182027,17,49,12,2,7,56.4,8746,90,4674.2,16.88515,110.72391183725492,204,0.0,0.0,0.0,0.0,0.0,0.0,0.0
622,374760,60,6246.0,182027,17,49,12,2,7,56.4,8746,90,6245.8,16.88515,110.72391183725492,461,0.0,0.0,0.0,0.0,0.0,0.0,0.0
623,178500,60,2975.0,182027,17,49,12,2,7,56.4,8746,90,2975.0,16.88515,110.72391183725492,304,0.0,0.0,0.0,0.0,0.0,0.0,0.0
624,231168,48,4816.0,182027,17,49,12,2,7,56.4,8746,90,4816.0,16.88515,110.72391183725492,613,28.0,0.0,0.0,0.0,0.0,1.0,0.0
625,284280,60,4738.0,114006,71,26,6,2,9,62.3,9065,123,4738.0,22.7153,175.90405768117466,561,26.0,0.0,0.0,0.0,1.0,0.0,0.0
626,155880,24,6495.0,114006,71,26,6,2,9,62.3,9065,123,6494.8,22.7153,175.90405768117466,641,26.0,0.0,0.0,1.0,0.0,0.0,0.0
627,68544,24,2856.0,114006,71,26,6,2,9,62.3,9065,123,2856.0,22.7153,175.90405768117466,258,0.0,0.0,1.0,0.0,0.0,0.0,0.0
628,119136,48,2482.0,114006,71,26,6,2,9,62.3,9065,123,2482.0,22.7153,175.90405768117466,641,0.0,0.0,0.0,0.0,0.0,0.0,0.0
629,83280,48,1735.0,114006,71,26,6,2,9,62.3,9065,123,1735.0,22.7153,175.90405768117466,628,27.0,0.0,0.0,1.0,0.0,0.0,0.0
630,133848,24,5577.0,114006,71,26,6,2,9,62.3,9065,123,5577.3,22.7153,175.90405768117466,697,0.0,0.0,0.0,0.0,0.0,0.0,0.0
631,271260,60,4521.0,114006,71,26,6,2,9,62.3,9065,123,4521.0,22.7153,175.90405768117466,458,0.0,0.0,0.0,0.0,0.0,0.0,0.0
632,46320,24,1930.0,133777,24,17,7,3,11,84.7,8705,116,1930.0,28.84025,151.7819169214439,544,0.0,0.0,0.0,0.0,0.0,0.0,0.0
633,289920,48,6040.0,133777,24,17,7,3,11,84.7,8705,116,6039.8,28.84025,151.7819169214439,320,27.0,0.0,0.0,0.0,1.0,0.0,0.0
634,155760,24,6490.0,133777,24,17,7,3,11,84.7,8705,116,6490.5,28.84025,151.7819169214439,333,0.0,0.0,0.0,0.0,0.0,0.0,0.0
635,17952,12,1496.0,133777,24,17,7,3,11,84.7,8705,116,1496.0,28.84025,151.7819169214439,344,0.0,0.0,0.0,0.0,0.0,0.0,0.0
636,85716,36,2381.0,74062,99,15,4,2,7,61.4,8114,119,2381.2,11.3254,67.51917987631984,153,0.0,0.0,0.0,0.0,0.0,0.0,0.0
637,91632,12,7636.0,74062,99,15,4,2,7,61.4,8114,119,7636.0,11.3254,67.51917987631984,365,0.0,0.0,0.0,0.0,0.0,0.0,0.0
638,152160,60,2536.0,74062,99,15,4,2,7,61.4,8114,119,2535.7,11.3254,67.51917987631984,632,0.0,0.0,0.0,0.0,0.0,0.0,0.0
639,86184,36,2394.0,74062,99,15,4,2,7,61.4,8114,119,2394.5,11.3254,67.51917987631984,477,0.0,0.0,1.0,0.0,0.0,0.0,0.0
640,270384,48,5633.0,75232,55,26,4,1,5,41.7,8980,111,5632.8,6.15025,138.2713007762654,437,0.0,0.0,0.0,0.0,0.0,0.0,0.0
641,66696,24,2779.0,75232,55,26,4,1,5,41.7,8980,111,2778.7,6.15025,138.2713007762654,239,0.0,0.0,0.0,0.0,0.0,0.0,1.0
642,460980,60,7683.0,75232,55,26,4,1,5,41.7,8980,111,7683.2,6.15025,138.2713007762654,181,0.0,0.0,0.0,0.0,0.0,0.0,1.0
643,19248,12,1604.0,75232,55,26,4,1,5,41.7,8980,111,1604.0,6.15025,138.2713007762654,422,0.0,0.0,0.0,0.0,0.0,0.0,0.0
644,504000,60,8400.0,75232,55,26,4,1,5,41.7,8980,111,8400.0,6.15025,138.2713007762654,664,0.0,0.0,0.0,0.0,0.0,0.0,0.0
645,139488,24,5812.0,75232,55,26,4,1,5,41.7,8980,111,5811.7,6.15025,138.2713007762654,573,0.0,0.0,1.0,0.0,0.0,0.0,0.0
646,148920,60,2482.0,108871,41,29,7,2,6,62.1,8444,106,2482.0,16.7452,94.20026912584619,201,0.0,0.0,1.0,0.0,0.0,0.0,0.0
647,253512,36,7042.0,108871,41,29,7,2,6,62.1,8444,106,7042.0,16.7452,94.20026912584619,213,0.0,0.0,1.0,0.0,0.0,0.0,1.0
648,188616,24,7859.0,108871,41,29,7,2,6,62.1,8444,106,7859.0,16.7452,94.20026912584619,583,0.0,0.0,0.0,0.0,0.0,0.0,0.0
649,18324,12,1527.0,108871,41,29,7,2,6,62.1,8444,106,1527.0,16.7452,94.20026912584619,430,0.0,0.0,0.0,0.0,0.0,0.0,0.0
650,99300,60,1655.0,108871,41,29,7,2,6,62.1,8444,106,1655.0,16.7452,94.20026912584619,671,0.0,0.0,0.0,0.0,0.0,0.0,0.0
651,153504,48,3198.0,108871,41,29,7,2,6,62.1,8444,106,3197.8,16.7452,94.20026912584619,502,0.0,0.0,0.0,0.0,0.0,0.0,0.0
652,8616,24,359.0,108871,41,29,7,2,6,62.1,8444,106,359.0,16.7452,94.20026912584619,372,0.0,0.0,0.0,0.0,0.0,0.0,0.0
653,44640,24,1860.0,108871,41,29,7,2,6,62.1,8444,106,1860.0,16.7452,94.20026912584619,417,0.0,0.0,0.0,0.0,0.0,0.0,0.0
654,44640,24,1860.0,108871,41,29,7,2,6,62.1,8444,106,1860.0,16.7452,94.20026912584619,417,0.0,0.0,0.0,0.0,0.0,0.0,0.0
655,194940,36,5415.0,112065,95,19,7,1,8,69.4,11277,127,5415.0,5.73025,223.58487038772142,468,0.0,0.0,0.0,0.0,0.0,0.0,0.0
656,97176,24,4049.0,112065,95,19,7,1,8,69.4,11277,127,4049.0,5.73025,223.58487038772142,137,27.0,0.0,0.0,1.0,0.0,0.0,0.0
657,196800,24,8200.0,112065,95,19,7,1,8,69.4,11277,127,8200.2,5.73025,223.58487038772142,199,0.0,0.0,0.0,0.0,0.0,0.0,1.0
658,31620,60,527.0,112065,95,19,7,1,8,69.4,11277,127,527.0,5.73025,223.58487038772142,247,0.0,0.0,0.0,0.0,0.0,0.0,0.0
659,96984,36,2694.0,112065,95,19,7,1,8,69.4,11277,127,2693.7,5.73025,223.58487038772142,287,0.0,0.0,0.0,0.0,0.0,0.0,0.0
660,110112,24,4588.0,107911,88,33,6,2,7,50.9,8240,99,4588.5,11.80515,50.07322237770014,330,0.0,0.0,0.0,0.0,0.0,0.0,0.0
661,307200,60,5120.0,107911,88,33,6,2,7,50.9,8240,99,5120.2,11.80515,50.07322237770014,374,0.0,0.0,0.0,0.0,0.0,0.0,1.0
662,14028,12,1169.0,107911,88,33,6,2,7,50.9,8240,99,1169.0,11.80515,50.07322237770014,674,0.0,0.0,0.0,0.0,0.0,0.0,0.0
663,23520,12,1960.0,107911,88,33,6,2,7,50.9,8240,99,1960.2,11.80515,50.07322237770014,355,0.0,0.0,0.0,0.0,0.0,0.0,0.0
664,389136,48,8107.0,107911,88,33,6,2,7,50.9,8240,99,8107.3,11.80515,50.07322237770014,354,0.0,0.0,0.0,0.0,0.0,0.0,0.0
665,176328,36,4898.0,107911,88,33,6,2,7,50.9,8240,99,4898.2,11.80515,50.07322237770014,625,0.0,0.0,0.0,0.0,0.0,0.0,0.0
666,170700,60,2845.0,107911,88,33,6,2,7,50.9,8240,99,2845.0,11.80515,50.07322237770014,432,0.0,0.0,0.0,0.0,0.0,0.0,0.0
667,260640,36,7240.0,58400,65,16,4,1,6,52.4,8620,100,7240.0,5.63,85.69526541095891,490,0.0,0.0,0.0,0.0,0.0,0.0,1.0
668,136368,24,5682.0,58400,65,16,4,1,6,52.4,8620,100,5681.8,5.63,85.69526541095891,260,0.0,0.0,0.0,0.0,0.0,0.0,0.0
669,475680,48,9910.0,159617,29,19,8,1,9,85.2,9198,131,9910.0,17.15515,158.86525871304434,123,27.0,0.0,0.0,1.0,0.0,0.0,0.0
670,162576,36,4516.0,159617,29,19,8,1,9,85.2,9198,131,4516.0,17.15515,158.86525871304434,418,27.0,0.0,0.0,1.0,0.0,0.0,0.0
671,128268,36,3563.0,159617,29,19,8,1,9,85.2,9198,131,3563.0,17.15515,158.86525871304434,170,27.0,0.0,0.0,1.0,0.0,0.0,0.0
672,24180,60,403.0,159617,29,19,8,1,9,85.2,9198,131,403.0,17.15515,158.86525871304434,534,0.0,0.0,0.0,0.0,0.0,0.0,0.0
673,106128,36,2948.0,159617,29,19,8,1,9,85.2,9198,131,2948.0,17.15515,158.86525871304434,337,0.0,0.0,1.0,0.0,0.0,0.0,0.0
674,31260,12,2605.0,159617,29,19,8,1,9,85.2,9198,131,2605.0,17.15515,158.86525871304434,654,0.0,0.0,0.0,0.0,0.0,0.0,0.0
675,43200,24,1800.0,159617,29,19,8,1,9,85.2,9198,131,1800.0,17.15515,158.86525871304434,304,0.0,0.0,0.0,0.0,0.0,0.0,0.0
676,202848,48,4226.0,127369,31,32,13,2,7,51.2,8369,107,4226.3,22.975150000000003,120.5390126325872,349,0.0,0.0,1.0,0.0,0.0,0.0,0.0
677,311232,48,6484.0,127369,31,32,13,2,7,51.2,8369,107,6483.7,22.975150000000003,120.5390126325872,542,27.0,0.0,0.0,1.0,0.0,0.0,0.0
678,196224,48,4088.0,127369,31,32,13,2,7,51.2,8369,107,4088.0,22.975150000000003,120.5390126325872,168,28.0,0.0,0.0,0.0,1.0,0.0,0.0
679,31140,60,519.0,127369,31,32,13,2,7,51.2,8369,107,519.0,22.975150000000003,120.5390126325872,326,0.0,0.0,0.0,0.0,0.0,0.0,0.0
680,88200,36,2450.0,127369,31,32,13,2,7,51.2,8369,107,2450.2,22.975150000000003,120.5390126325872,462,0.0,0.0,0.0,0.0,0.0,0.0,0.0
681,127200,48,2650.0,88768,10,18,5,1,7,80.5,8867,130,2650.2,5.6051,170.73528749098773,473,0.0,0.0,0.0,0.0,0.0,0.0,0.0
